,総合計,凶悪犯計,凶悪犯強盗,凶悪犯その他,粗暴犯計,粗暴犯凶器準備集合,粗暴犯暴行,粗暴犯傷害,粗暴犯脅迫,粗暴犯恐喝,侵入窃盗計,侵入窃盗金庫破り,侵入窃盗学校荒し,侵入窃盗事務所荒し,侵入窃盗出店荒し,侵入窃盗空き巣,侵入窃盗忍込み,侵入窃盗居空き,侵入窃盗その他,非侵入窃盗計,非侵入窃盗自動車盗,非侵入窃盗オートバイ盗,非侵入窃盗自転車盗,非侵入窃盗車上ねらい,非侵入窃盗自販機ねらい,非侵入窃盗工事場ねらい,非侵入窃盗すり,非侵入窃盗ひったくり,非侵入窃盗置引き,非侵入窃盗万引き,非侵入窃盗その他,その他計,その他詐欺,その他占有離脱物横領,その他その他知能犯,その他賭博,その他その他刑法犯
種別コード_交番,0.299226451242899,0.12534300592562667,0.10556432850588664,0.1165336471925848,0.2656423004404068,0.010953689530738041,0.26096405646568355,0.222104308365605,0.08666267122930993,0.0930362314680341,0.06218710613099488,0.08586314351547988,-0.005403296475226504,0.030320788800008082,0.07664063495424578,0.0038842858082840876,-0.0003726247512789189,0.014190923164981085,0.013448406340796108,0.29508912651752345,-0.009625186166384709,0.03335699588499152,0.266636126815091,0.11760669285521826,0.018803520466845868,0.017898174145709825,0.16789403657710408,0.06546800208352817,0.20143914022656578,0.19828260237590353,0.26191761469178454,0.26546496306332285,0.1885628483263182,0.21441538004456065,0.1201488649448542,0.03861010953235514,0.2540963174514857
種別コード_地域安全センター、連絡所等,0.011560841791660434,0.012301688596727405,-0.009881268108058977,0.02064937949397731,0.026122604407474565,-0.0034007834571266942,0.025209625371640218,0.02039311744184866,0.030019509918059316,-0.016787724747460913,0.006196923448033423,-0.009542878117021874,-0.005490291102806101,-0.002725288911226847,0.02298346341178292,0.010685426519110981,-0.013095940045608387,-0.009936457483880525,-0.0015798423821856006,0.0055476316611785485,0.012610341453476214,-0.005631896733194827,0.0014361189053096756,-0.001351837211011653,-0.014133945701986889,0.0006069116201730772,0.008691243081176766,0.016393131005129145,-0.0038857194798921097,0.0006349499924990122,0.014523488922559686,0.01494466083967917,0.02235381555382359,0.006286340119653323,-0.004521158272703084,-0.0023806259154473927,0.010460981285453938
種別コード_派出所,0.007168474755374311,0.011873588023222564,0.0015037212724267617,0.01490583474924904,0.012869937070151497,-0.0016024921029495615,0.018333292543676733,0.001171928983297864,0.008005958872669826,-0.00791058786113556,-0.002220431987368198,-0.00449672465616443,-0.00258709448750804,-0.002258963293594017,-0.001499589000087088,5.494376074448553e-05,0.007214118611818932,-0.004682184223121907,-0.0008744194927462651,-0.004790501730863863,-0.009984942411266934,-0.019579648139991118,-0.02193854511091313,0.003180363093914382,-0.006660093668559655,-0.01221522919400636,0.007013591331559779,-0.005102031846236253,0.03757889257852654,0.0010760296230602838,0.00391377531224505,0.0359812866721788,0.047588247820730976,0.008364528698569872,0.11122309464881328,-0.0011217809889032821,0.01652273689713359
種別コード_警察学校,-5.518111512793491e-06,-0.002564252419092791,-0.001859311796777294,-0.0025207065586954503,-0.005063921081221766,-0.00037933658543761416,-0.004388950737272547,-0.004653449735196365,-0.0038455837356069365,-0.0018725679724250508,-0.002787508065747909,-0.0010644496616132389,-0.0006124083777320587,-0.0005347342560026545,-0.0012960909747446944,-0.00319844698005371,-0.0014607719787586985,-0.0011083510316960599,-0.0014223223041630398,0.0023593467343841954,-0.0023636022624446192,-0.004634828999046834,0.018197817665546834,-0.00545472852471225,-0.001576555158228825,-0.0028915483104493492,-0.0013299873118192604,-0.0012077359606221735,-0.0023561947589252788,-0.00344477422108857,-0.006076839646598573,-0.0023877262836112037,-0.008397990804079918,0.014074783969898221,-0.0028508080198287244,-0.0002655442539505598,-0.002622598401963669
種別コード_警察本部,0.003276070816744518,-0.0020750550119489892,0.010926386183551058,-0.007697304479259027,0.018638386467884703,-0.0011583534736176943,0.006901874576699983,0.039174122507736234,-0.01174298881055485,0.02255071742127392,0.00561591503612843,0.04674278934664587,-0.0018700684269621355,-0.0016328804198742805,-0.003957781928648086,0.014303844700526334,-0.004460656737884851,-0.0033844936577150284,0.0047660042001270945,-0.0016284248284042964,-0.0072175661300764365,-0.014153051608445079,-0.005220714787942734,-0.0011475686417398495,-0.004814215696536327,-0.008829717876219004,0.0015418423468690741,0.029605866377272003,0.022924660460477687,0.0003018814263156007,-0.002088461699446528,0.006181846269918696,-0.01293927087931401,0.00031869288077687497,0.029889834184040544,-0.0008108738275481609,0.014251853846538334
種別コード_警察署,0.08079361017390001,0.031484636878658115,0.006948748247950429,0.03817733502014119,0.06480447389377812,-0.0036956019779202176,0.055995276698976505,0.05538932882315236,0.05995780344093916,0.03509433384849013,0.015493657620867952,0.04622590043545921,-0.005966251869512112,-0.0032999536657431334,0.0006823606468038217,0.02333954405275243,0.0036921977858515066,-0.010797862431962854,0.01536167074336036,0.07834039977003604,-0.023026867250439797,0.0027405524016237406,0.04131257584453103,0.03757237293290044,0.05322433401127044,-0.01592535320560266,0.020873097663976634,0.013361314549770784,0.06342599742202965,0.07490465534804233,0.07362881220630026,0.0804553187306168,0.06489210362727893,0.06467815618001459,0.0644665471831059,-0.0025870055981890806,0.06965112976373622
種別コード_駐在所,-0.0252833524098676,-0.016509535694765907,-0.010892561801982895,-0.016719930726434608,-0.03191619224033897,-0.005026054431226955,-0.029521108630125865,-0.029934436588902588,-0.011382432259809505,-0.009212693016475315,-0.0002947185789238584,-0.014103522159343993,-0.008114160243915994,-0.0042928155276055445,-0.013280502833094664,0.014068856001948672,0.03306093336911947,0.012056672878251776,0.001259866901139496,-0.025397937905426073,0.014305711684030532,0.04094404837795075,-0.02771259784793464,0.00046647028009613636,-0.0008320358595262416,0.033306540993437224,-0.012984278930488044,0.01155410051970844,-0.012937418152644164,-0.017654020566156534,-0.026563830251488965,-0.01602474628516348,-0.013825966343142428,-0.022423716155482498,-0.020025482070241112,-0.0035183526332304357,-0.00977354341307637
総合計,1.0,0.4754583207161015,0.3919504229911775,0.44590253713314887,0.8810338490286427,0.001702946367177811,0.8550016876196986,0.7618463387050778,0.2678593368584971,0.311455237237841,0.309599175405524,0.31980143821881585,0.013523480985708373,0.13554687452945582,0.23336130762386442,0.0611365157364613,0.012391510599211578,0.03038202875540643,0.1675192658325672,0.9741074395491646,0.017877789963718516,0.17607606806194417,0.635613079910876,0.34302855888325784,0.07944780670153248,0.05477053082799403,0.6504244279139781,0.2859483964666609,0.682005175364487,0.8192177313333624,0.873326168413121,0.8844216148094903,0.6319465925638028,0.6991364356756621,0.4048149372658158,0.39271799332960017,0.8422574862271766
凶悪犯計,0.4754583207161015,1.0,0.779102727619232,0.9584359270419104,0.5395013634510409,0.0075297826373519235,0.4819016464210102,0.5243852408586215,0.18735196714536217,0.26723718487503256,0.09457278055250047,0.08085344976120014,-0.0037610359994328,0.015274376385619518,0.12386577053779398,0.05150709096695908,0.002398165044171542,0.055774862633556764,0.026532550123770208,0.39222672279311993,0.001644413671131998,0.06745894146960656,0.2239017245494393,0.11387265172292145,0.1009547249078944,0.018227913952622517,0.41240715403651096,0.5302683062310333,0.3659631569906374,0.20729536079628172,0.5216492541809677,0.4453144118127427,0.2860367827926729,0.3734637596034102,0.18658593250015107,0.3488835106424832,0.4355543567097062
凶悪犯強盗,0.3919504229911775,0.779102727619232,1.0,0.5678616116402407,0.43640247430556467,-0.003221127881353158,0.38844406876642773,0.4222383637725658,0.13727413048396028,0.2763935555900654,0.07554267275883472,0.0771146337370393,-0.005200251639348956,0.008540150593974068,0.08776173881507576,0.05061751651726572,-0.007288367502092476,0.08454842390712801,0.025205088236134657,0.3329669661152838,0.015551449502391257,0.04266403297235156,0.18982580451979206,0.07228209947844615,0.07274384970387866,0.017386080499063,0.3628718937835503,0.45591903383962734,0.26936366252233035,0.20268016781692869,0.41133515719007246,0.35256981978370455,0.23083531517723022,0.305605271779149,0.18363949738257154,0.30239934841356303,0.3348090902622424
凶悪犯その他,0.44590253713314887,0.9584359270419104,0.5678616116402407,1.0,0.509761344889088,0.011352688641462298,0.4559585016786999,0.4963599063422858,0.18352082329223,0.22509640645634343,0.08979509620089021,0.07106599489420645,-0.00257160006483475,0.016168758331063987,0.12269618303348517,0.04459294281265555,0.006465847679456205,0.034754235392531876,0.023366497417938756,0.3634622871304964,-0.004918507952671156,0.06915768125581068,0.20759430902484519,0.11662003651357801,0.0994484603849545,0.016020910062382977,0.3763494067712758,0.4887559892944262,0.3579244488923878,0.17993973710626426,0.4977296929120526,0.4242457158034087,0.2705146457266092,0.35127886856196716,0.16141358547342505,0.3204636930090554,0.41951373630496913
粗暴犯計,0.8810338490286427,0.5395013634510409,0.43640247430556467,0.509761344889088,1.0,0.006648706631317438,0.9582217817285241,0.8781007478865419,0.3450416790875445,0.33298115452367505,0.24941568517895404,0.2984970837240445,-0.0018611138119759142,0.1399695392338467,0.19485729537239257,0.036690343982040935,0.0013918563513268436,0.024709069578597948,0.10675800484418155,0.8039016820569435,-0.012913332669864478,0.10671360831175505,0.41580943908075735,0.2509355826806524,0.06002892579095892,0.0270660316731712,0.6784317158032047,0.3467189047910204,0.6755135817926659,0.6635107896636807,0.8292169987658569,0.786903285337678,0.5308367919377905,0.6206150234728445,0.372581305826935,0.47188213924926176,0.7640137497937936
粗暴犯凶器準備集合,0.001702946367177811,0.0075297826373519235,-0.003221127881353158,0.011352688641462298,0.006648706631317438,1.0,-0.0029105336101351094,-0.008061776788861996,0.023174024083030036,-0.0032440932801921897,0.0010486991578769833,-0.001844084724930096,-0.0010609547595546562,-0.0009263897664233976,-0.0022453871280527283,-0.005541086095585527,-0.0025306854704169176,-0.0019201407836548813,0.007010581175158656,0.0008062177860444582,-0.004094775906432706,-0.0080295176634767,-0.0014623996905513957,0.022812626617078034,-0.0027312717455265393,0.028741279782078813,-0.0023041101655851453,-0.002092318234529489,-0.004081942923735173,0.0010665530376779452,0.0001776411765179616,-0.0003996270147194007,-0.009263040388862016,0.013290642033636673,-0.004938825867168629,-0.0004600368811814311,0.0016307288145035446
粗暴犯暴行,0.8550016876196986,0.4819016464210102,0.38844406876642773,0.4559585016786999,0.9582217817285241,-0.0029105336101351094,1.0,0.7283408482809837,0.2402790086007006,0.25204991487112316,0.23341216302583376,0.3210576057655907,-0.008264233174416628,0.12257983540623851,0.17345754113227094,0.03275954040755164,-0.004952312198206545,0.014664723096551108,0.11266213041055141,0.7855448139828104,-0.007446871765882372,0.09512126886403342,0.39070384989414025,0.24677007195361236,0.051382113059668846,0.02941609210378361,0.6914738331369173,0.31490288523326165,0.6784656465781544,0.6631694652565325,0.7988561116110945,0.7649436293265747,0.5136542635264444,0.6080053369216114,0.3585568320892613,0.4421241599880072,0.7435496177240762
粗暴犯傷害,0.7618463387050778,0.5243852408586215,0.4222383637725658,0.4963599063422858,0.8781007478865419,-0.008061776788861996,0.7283408482809837,1.0,0.2208620189771947,0.29755437164094073,0.2257196195883777,0.21974757791672092,0.011321939863056544,0.13205912819745705,0.19830992016765517,0.0301272206653962,0.0018507321470935753,0.02808480277226332,0.08139083417961411,0.6891894271569368,-0.021599770350988368,0.10278982896657263,0.36736085244247674,0.21085795822547904,0.059447498964673544,0.02584884003881484,0.5562138975219236,0.33794916866947305,0.566103310610662,0.5490381378306226,0.7334376316756939,0.6770860083279588,0.453716771754227,0.5252600758361978,0.323231499505229,0.44643399166410386,0.6604032213014811
粗暴犯脅迫,0.2678593368584971,0.18735196714536217,0.13727413048396028,0.18352082329223,0.3450416790875445,0.023174024083030036,0.2402790086007006,0.2208620189771947,1.0,0.07231565358796892,0.0772294185650287,0.06502821778959435,-0.002255325283124681,0.05934652223920262,0.03236466763559513,0.03340609802644795,0.02295426162691483,-0.0014293291966896082,0.02756549930540307,0.23162582226722064,0.0007982319356022406,0.04395021762540481,0.16009448553974823,0.0715810214603886,0.012893750661211381,-0.014555682665971072,0.14241655323271854,0.09030221737276306,0.14693121272591697,0.17785060128942282,0.2303461034863166,0.2467062630723644,0.18584783672943184,0.17773398694402856,0.11750338210365797,0.0705260502206667,0.2344988147890348
粗暴犯恐喝,0.311455237237841,0.26723718487503256,0.2763935555900654,0.22509640645634343,0.33298115452367505,-0.0032440932801921897,0.25204991487112316,0.29755437164094073,0.07231565358796892,1.0,0.12434823782783158,0.027566457989534447,-0.005237327426886703,0.1067794170711939,0.11309139175760884,0.0167860453622015,0.031055956094883135,0.09716771163205602,0.007880971003669173,0.2829211537364223,-0.005051732661472716,0.04987720568719427,0.18793899443853906,0.09554913421349709,0.06650311801492854,-0.006877732059740552,0.16123979888653087,0.1606168971028575,0.1919378081953376,0.2103889263428301,0.296815378754511,0.2707815259603392,0.19656980148554254,0.24553237474319875,0.15491173495536004,0.2447207360546572,0.24099268261339626
侵入窃盗計,0.309599175405524,0.09457278055250047,0.07554267275883472,0.08979509620089021,0.24941568517895404,0.0010486991578769833,0.23341216302583376,0.2257196195883777,0.0772294185650287,0.12434823782783158,1.0,0.1293949346809996,0.0591872491370679,0.5804926038420943,0.44273872645899004,0.287527013698661,0.12417706977420308,0.06050824536188445,0.6475722756638022,0.22032493674067377,-0.0028111826180491095,0.050511326162936444,0.10287139399622067,0.07979771822870362,0.018571659017229347,0.006011345957760842,0.19709360250896937,0.05419212627974145,0.15880850405183414,0.18118303527015456,0.24122992938561494,0.24012465769981617,0.20681152111636456,0.18054809054411894,0.11886540023665561,0.11758981926370302,0.2094039758704136
侵入窃盗金庫破り,0.31980143821881585,0.08085344976120014,0.0771146337370393,0.07106599489420645,0.2984970837240445,-0.001844084724930096,0.3210576057655907,0.21974757791672092,0.06502821778959435,0.027566457989534447,0.1293949346809996,1.0,-0.0029771263256668846,0.00396467215022706,0.0531752091544192,-0.015548743374202867,0.02370475807879535,-0.005388072982871699,0.08170781219188164,0.309376153422405,-0.011490278015119544,0.015461806723269784,0.1478930913597558,0.08916171940947237,0.08663870384964763,-0.003533781955818547,0.3387760437665592,0.058910714299799875,0.2776667739646598,0.3100448767940175,0.2381488005992382,0.28025742413782845,0.1899045905867891,0.22406082339459402,0.15302348762251125,0.17343020307227044,0.2683056158979614
侵入窃盗学校荒し,0.013523480985708373,-0.0037610359994328,-0.005200251639348956,-0.00257160006483475,-0.0018611138119759142,-0.0010609547595546562,-0.008264233174416628,0.011321939863056544,-0.002255325283124681,-0.005237327426886703,0.0591872491370679,-0.0029771263256668846,1.0,-0.0014955816965253825,-0.0036249967476373827,0.005319913881814476,-0.004085587952715422,-0.0030999127093915405,-0.0012787431033031964,0.012020634302124756,0.005639867238679761,0.010181422026680266,0.03366643563423441,-0.001468873365426036,-0.004409418345171459,0.02075918145878598,-0.0037198003640859,-0.003377879342244823,-0.0030198810738053987,-0.0020190830538336976,0.001913414406257791,0.007694558768216056,0.0036188002491867374,0.014082518988396457,0.03014912742550993,-0.0007426925082278119,0.0032190183094667076
侵入窃盗事務所荒し,0.13554687452945582,0.015274376385619518,0.008540150593974068,0.016168758331063987,0.1399695392338467,-0.0009263897664233976,0.12257983540623851,0.13205912819745705,0.05934652223920262,0.1067794170711939,0.5804926038420943,0.00396467215022706,-0.0014955816965253825,1.0,0.05657400151866635,-0.0006998409539839824,-0.0020082820690421653,0.006838590200823472,-0.0010813769232691564,0.07483134516730483,-0.00034401642158334033,0.045726133772596156,0.028130727549640567,0.008569909896175515,0.0033089389862496123,-0.004931233133688421,0.06701143639527181,-0.0007636797466350224,0.06266316229958481,0.02333361524134654,0.14705964271076027,0.10679766215751678,0.10677464352708435,0.0945874845440023,0.06229529430033879,0.017037000669575936,0.08020805690952779
侵入窃盗出店荒し,0.23336130762386442,0.12386577053779398,0.08776173881507576,0.12269618303348517,0.19485729537239257,-0.0022453871280527283,0.17345754113227094,0.19830992016765517,0.03236466763559513,0.11309139175760884,0.44273872645899004,0.0531752091544192,-0.0036249967476373827,0.05657400151866635,1.0,0.009704057155237398,-0.002126698510441195,-0.006560604053161067,0.009920620428596897,0.19084802050772812,-0.008315766916628293,0.01634471739563549,0.10973301608044699,0.08906247202072941,0.01395324526687203,0.0021861978029561377,0.09775689587881285,0.06292862393587198,0.178447137473016,0.14814052645413747,0.2049687112251094,0.19695150891975008,0.17934039369484672,0.14528853993361313,0.09026241984381173,0.21413884426049826,0.16510135273319165
侵入窃盗空き巣,0.0611365157364613,0.05150709096695908,0.05061751651726572,0.04459294281265555,0.036690343982040935,-0.005541086095585527,0.03275954040755164,0.0301272206653962,0.03340609802644795,0.0167860453622015,0.287527013698661,-0.015548743374202867,0.005319913881814476,-0.0006998409539839824,0.009704057155237398,1.0,0.0009107956553646898,0.02164688897633837,0.07807536775803425,0.030867953261197564,0.010659812156372035,0.019189357827109534,0.031689542322286816,0.0317152775009009,0.00534884364226897,0.02362833084237008,0.010318309535924785,0.049939115468379806,0.00038380946788642154,0.006810450769692921,0.04140685850000354,0.05726372375040472,0.047139766859846055,0.019918063250485386,0.0025500871765985617,0.006636694290325499,0.06109712594560475
侵入窃盗忍込み,0.012391510599211578,0.002398165044171542,-0.007288367502092476,0.006465847679456205,0.0013918563513268436,-0.0025306854704169176,-0.004952312198206545,0.0018507321470935753,0.02295426162691483,0.031055956094883135,0.12417706977420308,0.02370475807879535,-0.004085587952715422,-0.0020082820690421653,-0.002126698510441195,0.0009107956553646898,1.0,-0.007394192808476434,0.01015727159445167,-0.0026298896999901343,0.009706423857920081,-0.01287236639879678,0.0016974708948589087,0.025728922876020098,0.05667813849124114,-0.004294077225051623,-0.007146466617395823,0.012458606148256559,-0.00643906501244125,-0.008603576632073702,0.000684071252003812,0.020876969688207177,0.03870420994401108,0.010106022756803754,0.0008000394661187161,-0.0017715374973656325,0.00902308886967796
侵入窃盗居空き,0.03038202875540643,0.055774862633556764,0.08454842390712801,0.034754235392531876,0.024709069578597948,-0.0019201407836548813,0.014664723096551108,0.02808480277226332,-0.0014293291966896082,0.09716771163205602,0.06050824536188445,-0.005388072982871699,-0.0030999127093915405,0.006838590200823472,-0.006560604053161067,0.02164688897633837,-0.007394192808476434,1.0,-0.004335789234832123,0.02265364366996309,-0.011964174494857026,0.013371208122774647,0.03228783459806307,0.0065195505757241114,0.01487482048180367,0.005766185305596769,-0.0032091429393764415,-0.006113365182538193,-0.0005638307601743144,-0.005530233172428541,0.04301535745209662,0.025187727411389926,0.029387045379299013,0.014244748135492433,0.02601497149011301,-0.0013441423038261845,0.017517000023719205
侵入窃盗その他,0.1675192658325672,0.026532550123770208,0.025205088236134657,0.023366497417938756,0.10675800484418155,0.007010581175158656,0.11266213041055141,0.08139083417961411,0.02756549930540307,0.007880971003669173,0.6475722756638022,0.08170781219188164,-0.0012787431033031964,-0.0010813769232691564,0.009920620428596897,0.07807536775803425,0.01015727159445167,-0.004335789234832123,1.0,0.12187545513516522,-0.0031391230354218705,0.021237029443974476,0.037465228851222734,0.03788168792577211,-0.003797315104438495,0.0023085992213306965,0.16153899391003815,0.0216645928808217,0.060512186534821925,0.14694581423509084,0.08240503410624485,0.10942725712156269,0.07577668605197878,0.07945248832781104,0.056740588451958264,0.018172515760596638,0.10748401169150815
非侵入窃盗計,0.9741074395491646,0.39222672279311993,0.3329669661152838,0.3634622871304964,0.8039016820569435,0.0008062177860444582,0.7855448139828104,0.6891894271569368,0.23162582226722064,0.2829211537364223,0.22032493674067377,0.309376153422405,0.012020634302124756,0.07483134516730483,0.19084802050772812,0.030867953261197564,-0.0026298896999901343,0.02265364366996309,0.12187545513516522,1.0,0.021153603024302525,0.1976225594506197,0.7024998742794575,0.35795996921419,0.07694031252409626,0.05685429445618843,0.6046643787601185,0.2417956999476509,0.6269205036022558,0.8574366918390958,0.8362048348282769,0.7857911667534762,0.5389186289356186,0.6448911477894943,0.36679874315304306,0.34601884833607977,0.7541408933979952
非侵入窃盗自動車盗,0.017877789963718516,0.001644413671131998,0.015551449502391257,-0.004918507952671156,-0.012913332669864478,-0.004094775906432706,-0.007446871765882372,-0.021599770350988368,0.0007982319356022406,-0.005051732661472716,-0.0028111826180491095,-0.011490278015119544,0.005639867238679761,-0.00034401642158334033,-0.008315766916628293,0.010659812156372035,0.009706423857920081,-0.011964174494857026,-0.0031391230354218705,0.021153603024302525,1.0,0.04160556529178369,0.03223415864221724,0.01390319858079891,0.0219732653069017,-0.0007562753100761134,-0.012854039302190765,-0.004108509392084181,-0.018972320456694367,-0.010523869146794375,-0.0034933964914570857,0.026254225698723176,0.03404897352675084,0.011786909449420482,-0.006622914194582282,-0.002866436444336124,0.021038806455355625
非侵入窃盗オートバイ盗,0.17607606806194417,0.06745894146960656,0.04266403297235156,0.06915768125581068,0.10671360831175505,-0.0080295176634767,0.09512126886403342,0.10278982896657263,0.04395021762540481,0.04987720568719427,0.050511326162936444,0.015461806723269784,0.010181422026680266,0.045726133772596156,0.01634471739563549,0.019189357827109534,-0.01287236639879678,0.013371208122774647,0.021237029443974476,0.1976225594506197,0.04160556529178369,1.0,0.21011204366348282,0.09865924639397093,0.04029357300888194,0.01893966727797988,0.03430148335020212,0.0672105799615353,0.037107663681993676,0.08941364224666226,0.1255835921617042,0.11453573351874827,0.04785360881692444,0.0919185137878386,0.03416754610301693,0.07968155167551955,0.13001133112239485
非侵入窃盗自転車盗,0.635613079910876,0.2239017245494393,0.18982580451979206,0.20759430902484519,0.41580943908075735,-0.0014623996905513957,0.39070384989414025,0.36736085244247674,0.16009448553974823,0.18793899443853906,0.10287139399622067,0.1478930913597558,0.03366643563423441,0.028130727549640567,0.10973301608044699,0.031689542322286816,0.0016974708948589087,0.03228783459806307,0.037465228851222734,0.7024998742794575,0.03223415864221724,0.21011204366348282,1.0,0.2771353651701483,0.09072620285360983,0.03929346009326668,0.1720798867087014,0.11902092700293179,0.2565500515217825,0.3596830627408683,0.43164607212915207,0.4542702808821656,0.28573790309091357,0.4022267579214463,0.202961443418737,0.09827595281764225,0.44615458089600896
非侵入窃盗車上ねらい,0.34302855888325784,0.11387265172292145,0.07228209947844615,0.11662003651357801,0.2509355826806524,0.022812626617078034,0.24677007195361236,0.21085795822547904,0.0715810214603886,0.09554913421349709,0.07979771822870362,0.08916171940947237,-0.001468873365426036,0.008569909896175515,0.08906247202072941,0.0317152775009009,0.025728922876020098,0.0065195505757241114,0.03788168792577211,0.35795996921419,0.01390319858079891,0.09865924639397093,0.2771353651701483,1.0,0.02289238636577388,0.007946869747390266,0.16077976318606568,0.06369909827901682,0.20856278621231555,0.23982152802304466,0.26704664213929985,0.28272267805565804,0.20824605203752575,0.24976968328208,0.15030266826276772,0.16276879867705146,0.2550609930282294
非侵入窃盗自販機ねらい,0.07944780670153248,0.1009547249078944,0.07274384970387866,0.0994484603849545,0.06002892579095892,-0.0027312717455265393,0.051382113059668846,0.059447498964673544,0.012893750661211381,0.06650311801492854,0.018571659017229347,0.08663870384964763,-0.004409418345171459,0.0033089389862496123,0.01395324526687203,0.00534884364226897,0.05667813849124114,0.01487482048180367,-0.003797315104438495,0.07694031252409626,0.0219732653069017,0.04029357300888194,0.09072620285360983,0.02289238636577388,1.0,0.017436135483844335,0.03270096182303403,0.08550807341537528,0.045531609186871706,0.018572035472836555,0.06254215735981075,0.06964075264173093,0.048577632084436856,0.07116359943783895,0.02194196283392096,0.029847316051819308,0.06369708127506342
非侵入窃盗工事場ねらい,0.05477053082799403,0.018227913952622517,0.017386080499063,0.016020910062382977,0.0270660316731712,0.028741279782078813,0.02941609210378361,0.02584884003881484,-0.014555682665971072,-0.006877732059740552,0.006011345957760842,-0.003533781955818547,0.02075918145878598,-0.004931233133688421,0.0021861978029561377,0.02362833084237008,-0.004294077225051623,0.005766185305596769,0.0023085992213306965,0.05685429445618843,-0.0007562753100761134,0.01893966727797988,0.03929346009326668,0.007946869747390266,0.017436135483844335,1.0,-0.0045900448506545006,0.005074960800130675,0.010727772591715794,0.01985056790127258,0.041289026888864565,0.05600423936376996,0.03992802913381685,0.038827069893450666,0.002972343563767272,-0.0035066980554748603,0.05814058344385368
非侵入窃盗すり,0.6504244279139781,0.41240715403651096,0.3628718937835503,0.3763494067712758,0.6784317158032047,-0.0023041101655851453,0.6914738331369173,0.5562138975219236,0.14241655323271854,0.16123979888653087,0.19709360250896937,0.3387760437665592,-0.0037198003640859,0.06701143639527181,0.09775689587881285,0.010318309535924785,-0.007146466617395823,-0.0032091429393764415,0.16153899391003815,0.6046643787601185,-0.012854039302190765,0.03430148335020212,0.1720798867087014,0.16077976318606568,0.03270096182303403,-0.0045900448506545006,1.0,0.23952512782159746,0.5729023433538527,0.572172153404984,0.5870738925064224,0.5790064696722383,0.37955456463758014,0.48514371492955277,0.310000473408589,0.29701804247359453,0.5576511324611931
非侵入窃盗ひったくり,0.2859483964666609,0.5302683062310333,0.45591903383962734,0.4887559892944262,0.3467189047910204,-0.002092318234529489,0.31490288523326165,0.33794916866947305,0.09030221737276306,0.1606168971028575,0.05419212627974145,0.058910714299799875,-0.003377879342244823,-0.0007636797466350224,0.06292862393587198,0.049939115468379806,0.012458606148256559,-0.006113365182538193,0.0216645928808217,0.2417956999476509,-0.004108509392084181,0.0672105799615353,0.11902092700293179,0.06369909827901682,0.08550807341537528,0.005074960800130675,0.23952512782159746,1.0,0.18995682321499738,0.13378023537925227,0.32080495011097243,0.24948498036238337,0.12270347542898542,0.21583287092720568,0.10652760896926329,0.2603419871659485,0.26244848199234294
非侵入窃盗置引き,0.682005175364487,0.3659631569906374,0.26936366252233035,0.3579244488923878,0.6755135817926659,-0.004081942923735173,0.6784656465781544,0.566103310610662,0.14693121272591697,0.1919378081953376,0.15880850405183414,0.2776667739646598,-0.0030198810738053987,0.06266316229958481,0.178447137473016,0.00038380946788642154,-0.00643906501244125,-0.0005638307601743144,0.060512186534821925,0.6269205036022558,-0.018972320456694367,0.037107663681993676,0.2565500515217825,0.20856278621231555,0.045531609186871706,0.010727772591715794,0.5729023433538527,0.18995682321499738,1.0,0.5040562020781952,0.6640125823663657,0.6746518484191971,0.488305295536678,0.5694525056168633,0.26692802443988606,0.4655712800334761,0.6299554658449183
非侵入窃盗万引き,0.8192177313333624,0.20729536079628172,0.20268016781692869,0.17993973710626426,0.6635107896636807,0.0010665530376779452,0.6631694652565325,0.5490381378306226,0.17785060128942282,0.2103889263428301,0.18118303527015456,0.3100448767940175,-0.0020190830538336976,0.02333361524134654,0.14814052645413747,0.006810450769692921,-0.008603576632073702,-0.005530233172428541,0.14694581423509084,0.8574366918390958,-0.010523869146794375,0.08941364224666226,0.3596830627408683,0.23982152802304466,0.018572035472836555,0.01985056790127258,0.572172153404984,0.13378023537925227,0.5040562020781952,1.0,0.6175717015652102,0.6420726656423695,0.4511214414128141,0.5033756652702889,0.3213306684572488,0.23750354237912857,0.6149831687069789
非侵入窃盗その他,0.873326168413121,0.5216492541809677,0.41133515719007246,0.4977296929120526,0.8292169987658569,0.0001776411765179616,0.7988561116110945,0.7334376316756939,0.2303461034863166,0.296815378754511,0.24122992938561494,0.2381488005992382,0.001913414406257791,0.14705964271076027,0.2049687112251094,0.04140685850000354,0.000684071252003812,0.04301535745209662,0.08240503410624485,0.8362048348282769,-0.0034933964914570857,0.1255835921617042,0.43164607212915207,0.26704664213929985,0.06254215735981075,0.041289026888864565,0.5870738925064224,0.32080495011097243,0.6640125823663657,0.6175717015652102,1.0,0.77013760231863,0.5427083484580959,0.6270896597672986,0.3407276218162701,0.4800390291891304,0.7310729116523095
その他計,0.8844216148094903,0.4453144118127427,0.35256981978370455,0.4242457158034087,0.786903285337678,-0.0003996270147194007,0.7649436293265747,0.6770860083279588,0.2467062630723644,0.2707815259603392,0.24012465769981617,0.28025742413782845,0.007694558768216056,0.10679766215751678,0.19695150891975008,0.05726372375040472,0.020876969688207177,0.025187727411389926,0.10942725712156269,0.7857911667534762,0.026254225698723176,0.11453573351874827,0.4542702808821656,0.28272267805565804,0.06964075264173093,0.05600423936376996,0.5790064696722383,0.24948498036238337,0.6746518484191971,0.6420726656423695,0.77013760231863,1.0,0.791604030350274,0.7234269666208584,0.429750796929208,0.3510416127854057,0.9312546959461039
その他詐欺,0.6319465925638028,0.2860367827926729,0.23083531517723022,0.2705146457266092,0.5308367919377905,-0.009263040388862016,0.5136542635264444,0.453716771754227,0.18584783672943184,0.19656980148554254,0.20681152111636456,0.1899045905867891,0.0036188002491867374,0.10677464352708435,0.17934039369484672,0.047139766859846055,0.03870420994401108,0.029387045379299013,0.07577668605197878,0.5389186289356186,0.03404897352675084,0.04785360881692444,0.28573790309091357,0.20824605203752575,0.048577632084436856,0.03992802913381685,0.37955456463758014,0.12270347542898542,0.488305295536678,0.4511214414128141,0.5427083484580959,0.791604030350274,1.0,0.4614154227537593,0.29229148303380476,0.30285615250651765,0.5550673562919191
その他占有離脱物横領,0.6991364356756621,0.3734637596034102,0.305605271779149,0.35127886856196716,0.6206150234728445,0.013290642033636673,0.6080053369216114,0.5252600758361978,0.17773398694402856,0.24553237474319875,0.18054809054411894,0.22406082339459402,0.014082518988396457,0.0945874845440023,0.14528853993361313,0.019918063250485386,0.010106022756803754,0.014244748135492433,0.07945248832781104,0.6448911477894943,0.011786909449420482,0.0919185137878386,0.4022267579214463,0.24976968328208,0.07116359943783895,0.038827069893450666,0.48514371492955277,0.21583287092720568,0.5694525056168633,0.5033756652702889,0.6270896597672986,0.7234269666208584,0.4614154227537593,1.0,0.2900522576452407,0.2779834707324707,0.6078937291141021
その他その他知能犯,0.4048149372658158,0.18658593250015107,0.18363949738257154,0.16141358547342505,0.372581305826935,-0.004938825867168629,0.3585568320892613,0.323231499505229,0.11750338210365797,0.15491173495536004,0.11886540023665561,0.15302348762251125,0.03014912742550993,0.06229529430033879,0.09026241984381173,0.0025500871765985617,0.0008000394661187161,0.02601497149011301,0.056740588451958264,0.36679874315304306,-0.006622914194582282,0.03416754610301693,0.202961443418737,0.15030266826276772,0.02194196283392096,0.002972343563767272,0.310000473408589,0.10652760896926329,0.26692802443988606,0.3213306684572488,0.3407276218162701,0.429750796929208,0.29229148303380476,0.2900522576452407,1.0,0.19887172462360983,0.3388760424885244
その他賭博,0.39271799332960017,0.3488835106424832,0.30239934841356303,0.3204636930090554,0.47188213924926176,-0.0004600368811814311,0.4421241599880072,0.44643399166410386,0.0705260502206667,0.2447207360546572,0.11758981926370302,0.17343020307227044,-0.0007426925082278119,0.017037000669575936,0.21413884426049826,0.006636694290325499,-0.0017715374973656325,-0.0013441423038261845,0.018172515760596638,0.34601884833607977,-0.002866436444336124,0.07968155167551955,0.09827595281764225,0.16276879867705146,0.029847316051819308,-0.0035066980554748603,0.29701804247359453,0.2603419871659485,0.4655712800334761,0.23750354237912857,0.4800390291891304,0.3510416127854057,0.30285615250651765,0.2779834707324707,0.19887172462360983,1.0,0.28078005283514684
その他その他刑法犯,0.8422574862271766,0.4355543567097062,0.3348090902622424,0.41951373630496913,0.7640137497937936,0.0016307288145035446,0.7435496177240762,0.6604032213014811,0.2344988147890348,0.24099268261339626,0.2094039758704136,0.2683056158979614,0.0032190183094667076,0.08020805690952779,0.16510135273319165,0.06109712594560475,0.00902308886967796,0.017517000023719205,0.10748401169150815,0.7541408933979952,0.021038806455355625,0.13001133112239485,0.44615458089600896,0.2550609930282294,0.06369708127506342,0.05814058344385368,0.5576511324611931,0.26244848199234294,0.6299554658449183,0.6149831687069789,0.7310729116523095,0.9312546959461039,0.5550673562919191,0.6078937291141021,0.3388760424885244,0.28078005283514684,1.0
