,休校区分_調査なし,休校区分_開校中,学校分類_中学校,学校分類_中等教育学校,学校分類_各種学校,学校分類_大学,学校分類_専修学校,学校分類_小学校,学校分類_幼保連携型認定こども園,学校分類_幼稚園,学校分類_特別支援学校,学校分類_短期大学,学校分類_義務教育学校,学校分類_高等学校,学校分類_高等専門学校,管理者コード_その他,管理者コード_国,管理者コード_市区町村,管理者コード_民間,管理者コード_都道府県
その他その他刑法犯,0.01454,0.00000,0.02089,0.00000,0.00000,0.00000,0.00000,0.01817,0.00282,0.00000,0.00570,0.01356,0.03207,0.00716,0.00027,0.00000,0.00000,0.02326,0.00893,0.00179
その他その他知能犯,0.00000,0.00000,0.01601,0.00000,0.00696,0.00000,0.01652,0.00000,0.00000,0.00858,0.00000,0.00000,0.00046,0.01780,0.00000,0.00000,0.00087,0.00000,0.00000,0.00092
その他占有離脱物横領,0.00000,0.00000,0.00000,0.00000,0.00000,0.00000,0.00489,0.00913,0.01895,0.00000,0.00442,0.00546,0.00000,0.00628,0.01059,0.00549,0.00134,0.00000,0.00000,0.01763
その他計,0.02219,0.01738,0.00732,0.00518,0.00054,0.00329,0.00875,0.00039,0.00000,0.00000,0.00000,0.00189,0.00000,0.01659,0.00135,0.00625,0.00245,0.00368,0.00498,0.00649
その他詐欺,0.00419,0.00000,0.00000,0.00000,0.00000,0.00830,0.01662,0.00000,0.00828,0.00000,0.00000,0.00000,0.01404,0.01746,0.00426,0.00000,0.00000,0.01560,0.02000,0.00000
その他賭博,0.00000,0.00000,0.00230,0.00000,0.00704,0.00000,0.00000,0.00000,0.00787,0.00000,0.02191,0.00000,0.00000,0.00680,0.00000,0.00000,0.00221,0.00461,0.00000,0.02408
侵入窃盗その他,0.00000,0.01316,0.00000,0.00796,0.00000,0.00000,0.00000,0.00000,0.00000,0.00234,0.00230,0.00035,0.00571,0.00081,0.00576,0.00000,0.00775,0.00000,0.00038,0.00615
侵入窃盗事務所荒し,0.00837,0.00543,0.02295,0.00000,0.00000,0.00000,0.01177,0.00000,0.00000,0.00000,0.02112,0.00000,0.00000,0.00000,0.00674,0.00000,0.00245,0.00000,0.00975,0.02524
侵入窃盗出店荒し,0.00000,0.00124,0.02404,0.00000,0.00000,0.00999,0.00226,0.01071,0.00308,0.01025,0.00939,0.01650,0.01841,0.00517,0.00053,0.00635,0.01571,0.01150,0.00000,0.00000
侵入窃盗学校荒し,0.00327,0.00195,0.00000,0.00000,0.00471,0.01711,0.02450,0.01423,0.00431,0.01082,0.00682,0.01354,0.00000,0.00000,0.00582,0.00277,0.00684,0.00000,0.00000,0.00000
侵入窃盗居空き,0.00000,0.00686,0.00000,0.00712,0.00000,0.00000,0.01083,0.00000,0.00343,0.00000,0.00000,0.00000,0.00000,0.00883,0.01147,0.00642,0.00660,0.00000,0.02592,0.00094
侵入窃盗忍込み,0.00000,0.00000,0.00000,0.00000,0.00000,0.00000,0.00067,0.00000,0.00139,0.00300,0.00000,0.02126,0.01528,0.00133,0.00122,0.02454,0.00000,0.00945,0.00000,0.00720
侵入窃盗空き巣,0.00000,0.02004,0.00000,0.00000,0.00000,0.00000,0.00000,0.01137,0.00000,0.01153,0.00000,0.00724,0.00000,0.00000,0.01996,0.00000,0.00000,0.00000,0.00647,0.00503
侵入窃盗計,0.00000,0.00000,0.00619,0.00000,0.00101,0.00000,0.01150,0.00947,0.01152,0.01566,0.00004,0.00000,0.00000,0.00000,0.00000,0.00000,0.00000,0.00000,0.01550,0.00000
侵入窃盗金庫破り,0.00784,0.00000,0.00002,0.00097,0.00000,0.01287,0.00140,0.00561,0.00000,0.00000,0.01693,0.02195,0.00000,0.00000,0.00000,0.00000,0.00378,0.00146,0.00000,0.00000
凶悪犯その他,0.00654,0.00000,0.00000,0.00000,0.00258,0.00705,0.00552,0.00803,0.00000,0.01647,0.02038,0.00026,0.00000,0.00000,0.00927,0.00106,0.00000,0.00000,0.00000,0.00000
凶悪犯強盗,0.00151,0.01394,0.01056,0.00000,0.00060,0.00000,0.00340,0.00000,0.00145,0.02154,0.01458,0.00000,0.01801,0.00000,0.00000,0.00000,0.00426,0.01048,0.00900,0.00000
凶悪犯計,0.00965,0.00536,0.01249,0.00000,0.01410,0.00213,0.03699,0.00009,0.00000,0.00616,0.00000,0.00000,0.00000,0.00000,0.00000,0.00003,0.00000,0.01356,0.00000,0.00123
粗暴犯傷害,0.00000,0.00161,0.00000,0.00000,0.00380,0.00629,0.00559,0.00000,0.00000,0.00490,0.00000,0.00000,0.00000,0.00000,0.00686,0.00612,0.00000,0.00000,0.00000,0.00000
粗暴犯凶器準備集合,0.00000,0.00546,0.00159,0.00000,0.01627,0.01190,0.00000,0.01963,0.00000,0.01089,0.00778,0.00000,0.00000,0.00000,0.00046,0.03358,0.00000,0.00000,0.00680,0.00418
粗暴犯恐喝,0.01028,0.00000,0.00418,0.00462,0.00000,0.00066,0.00000,0.00952,0.00585,0.00000,0.00111,0.00000,0.00000,0.02595,0.00000,0.00000,0.01657,0.00000,0.00971,0.00000
粗暴犯暴行,0.00107,0.00984,0.00649,0.00000,0.00641,0.00000,0.01547,0.00000,0.00752,0.00503,0.00000,0.00669,0.02006,0.00000,0.00000,0.00000,0.01056,0.00398,0.01032,0.00604
粗暴犯脅迫,0.00708,0.00790,0.01531,0.00106,0.00000,0.01255,0.01435,0.00000,0.01030,0.00000,0.00000,0.00000,0.00000,0.00503,0.01082,0.00000,0.02818,0.00000,0.00000,0.00029
粗暴犯計,0.02926,0.00630,0.00000,0.00102,0.00000,0.00443,0.00717,0.00221,0.00000,0.00539,0.00000,0.00009,0.00463,0.01162,0.00000,0.00939,0.00000,0.00000,0.00000,0.00747
総合計,0.02436,0.00135,0.00000,0.01891,0.00000,0.00000,0.02681,0.02231,0.00000,0.02073,0.00000,0.00000,0.01380,0.00347,0.00000,0.00000,0.01677,0.01047,0.02782,0.00734
非侵入窃盗すり,0.00000,0.01084,0.00000,0.00000,0.00000,0.00000,0.00961,0.02224,0.01038,0.00000,0.00000,0.00187,0.01421,0.01038,0.00000,0.00000,0.00437,0.00255,0.00000,0.00544
非侵入窃盗その他,0.02523,0.00000,0.00000,0.00000,0.00095,0.02657,0.01119,0.01528,0.00000,0.00000,0.01063,0.01237,0.00835,0.00000,0.00000,0.00541,0.00000,0.00000,0.02122,0.00560
非侵入窃盗ひったくり,0.00000,0.00000,0.00000,0.00000,0.00000,0.02577,0.00000,0.02053,0.00000,0.00698,0.00866,0.00000,0.00422,0.00000,0.00000,0.00000,0.00000,0.00205,0.02205,0.00000
非侵入窃盗オートバイ盗,0.03059,0.00489,0.00000,0.00397,0.00301,0.00434,0.01551,0.00366,0.00000,0.03197,0.00000,0.00000,0.00046,0.00316,0.01056,0.00000,0.00000,0.01518,0.00000,0.00459
非侵入窃盗万引き,0.01855,0.00982,0.00000,0.01166,0.00000,0.00000,0.00000,0.00000,0.01339,0.00310,0.01139,0.00000,0.00000,0.00000,0.00134,0.01980,0.00000,0.01194,0.00000,0.00000
非侵入窃盗工事場ねらい,0.01568,0.00000,0.00657,0.00000,0.00000,0.01044,0.00679,0.00595,0.00786,0.00000,0.00000,0.00000,0.00034,0.00000,0.00000,0.00882,0.00779,0.00000,0.01261,0.00000
非侵入窃盗置引き,0.01467,0.01285,0.00000,0.00982,0.00000,0.00000,0.00330,0.00153,0.00000,0.00000,0.00000,0.01050,0.01488,0.00000,0.00214,0.01181,0.00000,0.01298,0.00180,0.00000
非侵入窃盗自動車盗,0.00000,0.01190,0.00000,0.01896,0.00000,0.00000,0.00000,0.00000,0.00000,0.02319,0.00000,0.01012,0.00000,0.01692,0.00000,0.00000,0.00341,0.00160,0.00000,0.00791
非侵入窃盗自販機ねらい,0.00987,0.01564,0.00000,0.00000,0.00000,0.00000,0.01524,0.00000,0.00000,0.00801,0.02692,0.01180,0.00000,0.00861,0.00000,0.00086,0.00000,0.01290,0.00000,0.00227
非侵入窃盗自転車盗,0.00816,0.01627,0.00000,0.00000,0.00662,0.00523,0.01834,0.00181,0.00000,0.00206,0.00000,0.01325,0.00000,0.01612,0.00000,0.01629,0.00352,0.00000,0.01735,0.01134
非侵入窃盗計,0.01846,0.00000,0.00000,0.00642,0.01053,0.00359,0.02158,0.00885,0.00000,0.00217,0.00000,0.00000,0.00000,0.01392,0.00894,0.00432,0.00000,0.02742,0.02423,0.00000
非侵入窃盗車上ねらい,0.01725,0.00000,0.00915,0.00287,0.01022,0.01184,0.00000,0.00163,0.00231,0.00000,0.00000,0.00261,0.00460,0.00000,0.03025,0.00000,0.00000,0.00000,0.01883,0.00000