ί–Ό,θϋ,Ηx@i”­¶’nj,Ηπ”ΤE’“έi”­¶’nj,s‹ζ’¬‘ΊƒR[ƒhi”­¶’nj,“s“Ή•{§i”­¶’nj,s‹ζ’¬‘Ίi”­¶’nj,’¬’–Ϊi”­¶’nj,”­¶”N“ϊinϊj,”­¶inϊj,”­¶κ,”­¶κ‚ΜΪΧ,»‹ΰ”νQ‚Μ—L–³
ή“,©“®”Μ”„‹@‚Λ‚η‚Ά,’†‰›,–{’¬π”Τ,131024,“‹“s,’†‰›‹ζ,“ϊ–{‹΄–{’¬‚S’–Ϊ,2020-12-11,14,‚»‚Μ‘Ό,‚»‚Μ‘Ό,‚ ‚θ
ή“,©“®”Μ”„‹@‚Λ‚η‚Ά,[μ,Z‹gπ”Τ,131083,“‹“s,]“‹ζ,‰–•l‚Q’–Ϊ,2020-08-19,16,’“Τi—Φjκ,’“Τi—Φjκ,‚ ‚θ
ή“,©“®”Μ”„‹@‚Λ‚η‚Ά,[μ,“—zπ”Τ,131083,“‹“s,]“‹ζ,–Ψκ‚U’–Ϊ,2020-11-29,12,‚»‚Μ‘Ό,‚»‚Μ‘Ό,‚ ‚θ
ή“,©“®”Μ”„‹@‚Λ‚η‚Ά,[μ,“—zπ”Τ,131083,“‹“s,]“‹ζ,“—z‚R’–Ϊ,2020-08-04,10,“ΉHγ,‚»‚Μ‘Ό,‚ ‚θ
ή“,©“®”Μ”„‹@‚Λ‚η‚Ά,[μ,η“cπ”Τ,131083,“‹“s,]“‹ζ,C•Σ,2020-06-03,15,“ΉHγ,‚»‚Μ‘Ό,‚ ‚θ
ή“,©“®”Μ”„‹@‚Λ‚η‚Ά,’¬,”Ρ“c‹΄‰w‘Oπ”Τ,131016,“‹“s,η‘γ“c‹ζ,”Ρ“c‹΄‚S’–Ϊ,2020-08-27,18,‚»‚Μ‘Ό,‚»‚Μ‘Ό,‚ ‚θ
ή“,©“®”Μ”„‹@‚Λ‚η‚Ά,Ϋ‚Μ“ΰ,”ªdFϋπ”Τ,131016,“‹“s,η‘γ“c‹ζ,Ϋ‚Μ“ΰ‚P’–Ϊ,2020-02-09,13,‚»‚Μ‘Ό,‚»‚Μ‘Ό,‚ ‚θ
ή“,©“®”Μ”„‹@‚Λ‚η‚Ά,_“c,‚¨’ƒ‚Μ…π”Τ,131016,“‹“s,η‘γ“c‹ζ,_“c‹Ρ’¬‚Q’–Ϊ,2020-02-12,00,“ΉHγ,‚»‚Μ‘Ό,‚ ‚θ
ή“,©“®”Μ”„‹@‚Λ‚η‚Ά,–Ά‹΄,H—t΄π”Τ,131016,“‹“s,η‘γ“c‹ζ,O_“c‚P’–Ϊ,2020-07-04,15,‚»‚Μ‘Ό,‚»‚Μ‘Ό,‚Θ‚µ
ή“,©“®”Μ”„‹@‚Λ‚η‚Ά,–Ά‹΄,H—t΄π”Τ,131016,“‹“s,η‘γ“c‹ζ,O_“c‚R’–Ϊ,2019-12-25,04,“ΉHγ,‚»‚Μ‘Ό,‚Θ‚µ
ή“,©“®”Μ”„‹@‚Λ‚η‚Ά,‹vΌ,““ϊ–{‹΄π”Τ,131024,“‹“s,’†‰›‹ζ,““ϊ–{‹΄‚Q’–Ϊ,2020-04-21,17,“ΉHγ,‚»‚Μ‘Ό,‚ ‚θ
ή“,©“®”Μ”„‹@‚Λ‚η‚Ά,’z’n,’†‰›sκπ”Τ,131024,“‹“s,’†‰›‹ζ,’z’n‚T’–Ϊ,2020-11-28,10,‚»‚Μ‘Ό,‚»‚Μ‘Ό,‚ ‚θ
ή“,©“®”Μ”„‹@‚Λ‚η‚Ά,¤“†,Υ‚Μ–επ”Τ,131032,“‹“s,`‹ζ,Υƒm–ε‚Q’–Ϊ,2020-02-11,10,“ΉHγ,‚»‚Μ‘Ό,‚ ‚θ
ή“,©“®”Μ”„‹@‚Λ‚η‚Ά,¤“†,V‹΄O’–Ϊπ”Τ,131032,“‹“s,`‹ζ,ΌV‹΄‚P’–Ϊ,2020-01-04,20,‚»‚Μ‘Ό,‚»‚Μ‘Ό,‚ ‚θ
ή“,©“®”Μ”„‹@‚Λ‚η‚Ά,¤“†,V‹΄‰w‘Oπ”Τ,131032,“‹“s,`‹ζ,V‹΄‚Q’–Ϊ,2020-07-06,17,‚»‚Μ‘Ό,‚»‚Μ‘Ό,‚Θ‚µ
ή“,©“®”Μ”„‹@‚Λ‚η‚Ά,‚—Φ,”’‹ΰOυ’¬π”Τ,131032,“‹“s,`‹ζ,”’‹ΰ‘δ‚S’–Ϊ,2020-11-25,16,“ΉHγ,‚»‚Μ‘Ό,‚ ‚θ
ή“,©“®”Μ”„‹@‚Λ‚η‚Ά,–ƒ•z,Z–{–ΨZ’–Ϊπ”Τ,131032,“‹“s,`‹ζ,Z–{–Ψ‚T’–Ϊ,2020-06-11,13,‚»‚Μ‘Ό,‚»‚Μ‘Ό,‚ ‚θ
ή“,©“®”Μ”„‹@‚Λ‚η‚Ά,Τβ,ΒRκ’–Ϊπ”Τ,131032,“‹“s,`‹ζ,“μΒR‚Q’–Ϊ,2020-03-19,15,‚»‚Μ‘Ό,‚»‚Μ‘Ό,‚ ‚θ
ή“,©“®”Μ”„‹@‚Λ‚η‚Ά,“‹pέ,“s‹΄π”Τ,131083,“‹“s,]“‹ζ,“‰_‚Q’–Ϊ,2020-01-05,15,‚»‚Μ‘Ό,‚»‚Μ‘Ό,‚ ‚θ
ή“,©“®”Μ”„‹@‚Λ‚η‚Ά,“‹pέ,’C–¤π”Τ,131083,“‹“s,]“‹ζ,’C–¤‚R’–Ϊ,2020-04-01,09,“ΉHγ,‚»‚Μ‘Ό,‚ ‚θ
ή“,©“®”Μ”„‹@‚Λ‚η‚Ά,“‹pέ,V–Ψκ‰w‘Oπ”Τ,131083,“‹“s,]“‹ζ,V–Ψκ‚P’–Ϊ,2020-01-18,17,‚»‚Μ‘Ό,‚»‚Μ‘Ό,‚ ‚θ
ή“,©“®”Μ”„‹@‚Λ‚η‚Ά,“‹pέ,V–Ψκ‰w‘Oπ”Τ,131083,“‹“s,]“‹ζ,V–Ψκ‚R’–Ϊ,2020-01-17,18,‚»‚Μ‘Ό,‚»‚Μ‘Ό,‚ ‚θ
ή“,©“®”Μ”„‹@‚Λ‚η‚Ά,•iμ,‘δκπ”Τ,131091,“‹“s,•iμ‹ζ,–k•iμ‚P’–Ϊ,2020-06-24,11,’“Τi—Φjκ,’“Τi—Φjκ,‚ ‚θ
ή“,©“®”Μ”„‹@‚Λ‚η‚Ά,•iμ,Β•¨‰΅’‰w‘Oπ”Τ,131091,“‹“s,•iμ‹ζ,“μ•iμ‚U’–Ϊ,2020-12-04,16,“ΉHγ,‚»‚Μ‘Ό,‚ ‚θ
ή“,©“®”Μ”„‹@‚Λ‚η‚Ά,‘εδ,—§‰ομπ”Τ,131091,“‹“s,•iμ‹ζ,“‘εδ‚Q’–Ϊ,2020-09-08,11,‚»‚Μ‘Ό,‚»‚Μ‘Ό,‚ ‚θ
ή“,©“®”Μ”„‹@‚Λ‚η‚Ά,‘εθ,ά”½“c‰w‘Oπ”Τ,131091,“‹“s,•iμ‹ζ,‘εθ‚T’–Ϊ,2020-06-25,13,‚»‚Μ‘Ό,‚»‚Μ‘Ό,‚ ‚θ
ή“,©“®”Μ”„‹@‚Λ‚η‚Ά,‘εθ,ά”½“c‰w‘Oπ”Τ,131091,“‹“s,•iμ‹ζ,Όά”½“c‚P’–Ϊ,2020-12-25,11,“ΉHγ,‚»‚Μ‘Ό,‚ ‚θ
ή“,©“®”Μ”„‹@‚Λ‚η‚Ά,“c‰€’²•z,“c‰€’²•z‰w‘Oπ”Τ,131113,“‹“s,‘ε“c‹ζ,“c‰€’²•z‚T’–Ϊ,2020-12-01,17,“ΉHγ,‚»‚Μ‘Ό,‚ ‚θ
ή“,©“®”Μ”„‹@‚Λ‚η‚Ά,—“c,Ό—“cπ”Τ,131113,“‹“s,‘ε“c‹ζ,Ό—“c‚S’–Ϊ,2020-09-12,10,“ΉHγ,‚»‚Μ‘Ό,‚ ‚θ
ή“,©“®”Μ”„‹@‚Λ‚η‚Ά,—“c,GFπ”Τ,131113,“‹“s,‘ε“c‹ζ,’‡Z‹½‚R’–Ϊ,2020-11-04,03,‚»‚Μ‘Ό,‚»‚Μ‘Ό,‚ ‚θ
ή“,©“®”Μ”„‹@‚Λ‚η‚Ά,—“c,–kβο’Jπ”Τ,131113,“‹“s,‘ε“c‹ζ,Όβο’J‚R’–Ϊ,2020-02-18,15,“ΉHγ,‚»‚Μ‘Ό,‚ ‚θ
ή“,©“®”Μ”„‹@‚Λ‚η‚Ά,’rγ,ƒKƒX‹΄π”Τ,131113,“‹“s,‘ε“c‹ζ,‰ΊΫq‚P’–Ϊ,2020-02-03,15,‚»‚Μ‘Ό,‚»‚Μ‘Ό,‚ ‚θ
ή“,©“®”Μ”„‹@‚Λ‚η‚Ά,Ά“c’J,O¬’ƒ‰®π”Τ,131121,“‹“s,Ά“c’J‹ζ,‘Ύq“°‚S’–Ϊ,2020-01-22,09,‚»‚Μ‘Ό,‚»‚Μ‘Ό,‚ ‚θ
ή“,©“®”Μ”„‹@‚Λ‚η‚Ά,Ά“c’J,γ”nπ”Τ,131121,“‹“s,Ά“c’J‹ζ,‹ξ‘ς‚P’–Ϊ,2020-09-08,08,“ΉHγ,‚»‚Μ‘Ό,‚ ‚θ
ή“,©“®”Μ”„‹@‚Λ‚η‚Ά,–k‘ς,’W“‡’Κπ”Τ,131121,“‹“s,Ά“c’J‹ζ,’rK‚S’–Ϊ,2020-08-10,07,“ΉHγ,‚»‚Μ‘Ό,‚ ‚θ
ή“,©“®”Μ”„‹@‚Λ‚η‚Ά,–k‘ς,–Ύ‘ε‘O‰w‘Oπ”Τ,131121,“‹“s,Ά“c’J‹ζ,Ό΄‚P’–Ϊ,2020-08-28,18,“ΉHγ,‚»‚Μ‘Ό,‚ ‚θ
ή“,©“®”Μ”„‹@‚Λ‚η‚Ά,‹Κμ,“‹Κμπ”Τ,131121,“‹“s,Ά“c’J‹ζ,“‹Κμ‚Q’–Ϊ,2020-08-18,15,“ΉHγ,‚»‚Μ‘Ό,‚ ‚θ
ή“,©“®”Μ”„‹@‚Λ‚η‚Ά,‹Κμ,”φR‘δ‰w‘Oπ”Τ,131121,“‹“s,Ά“c’J‹ζ,“™X—Ν‚R’–Ϊ,2019-12-28,17,‚»‚Μ‘Ό,‚»‚Μ‘Ό,‚ ‚θ
ή“,©“®”Μ”„‹@‚Λ‚η‚Ά,¬ι,‘ct’J‘ε‘ π”Τ,131121,“‹“s,Ά“c’J‹ζ,‹m‚U’–Ϊ,2020-03-25,15,“ΉHγ,‚»‚Μ‘Ό,‚ ‚θ
ή“,©“®”Μ”„‹@‚Λ‚η‚Ά,¬ι,‘ct’J‘ε‘ π”Τ,131121,“‹“s,Ά“c’J‹ζ,‘ct’J‚P’–Ϊ,2020-06-15,14,‚»‚Μ‘Ό,‚»‚Μ‘Ό,‚ ‚θ
ή“,©“®”Μ”„‹@‚Λ‚η‚Ά,¬ι,‰GRπ”Τ,131121,“‹“s,Ά“c’J‹ζ,–k‰GR‚P’–Ϊ,2020-03-08,11,“ΉHγ,‚»‚Μ‘Ό,‚Θ‚µ
ή“,©“®”Μ”„‹@‚Λ‚η‚Ά,¬ι,‘ε‘ “ρ’–Ϊπ”Τ,131121,“‹“s,Ά“c’J‹ζ,‘ε‘ ‚R’–Ϊ,2020-06-23,09,‚»‚Μ‘Ό,‚»‚Μ‘Ό,‚ ‚θ
ή“,©“®”Μ”„‹@‚Λ‚η‚Ά,¬ι,‰ª–{’“έ,131121,“‹“s,Ά“c’J‹ζ,‰ª–{‚P’–Ϊ,2020-12-16,16,‚»‚Μ‘Ό,‚»‚Μ‘Ό,‚ ‚θ
ή“,©“®”Μ”„‹@‚Λ‚η‚Ά,¬ι,μ‘½©‰w‘Oπ”Τ,131121,“‹“s,Ά“c’J‹ζ,μ‘½©‚S’–Ϊ,2020-09-01,16,‚»‚Μ‘Ό,‚»‚Μ‘Ό,‚ ‚θ
ή“,©“®”Μ”„‹@‚Λ‚η‚Ά,”θ•¶’J,w|‘εw‰w‘Oπ”Τ,131105,“‹“s,–Ϊ•‹ζ,”θ•¶’J‚S’–Ϊ,2020-06-27,18,‚»‚Μ‘Ό,‚»‚Μ‘Ό,‚ ‚θ
ή“,©“®”Μ”„‹@‚Λ‚η‚Ά,a’J,“ΉΊβγπ”Τ,131130,“‹“s,a’J‹ζ,_ς’¬,2020-01-01,14,’“Τi—Φjκ,’“Τi—Φjκ,‚ ‚θ
ή“,©“®”Μ”„‹@‚Λ‚η‚Ά,΄h,_‹{‘Oπ”Τ,131130,“‹“s,a’J‹ζ,_‹{‘O‚P’–Ϊ,2020-01-24,16,‚»‚Μ‘Ό,‚»‚Μ‘Ό,‚Θ‚µ
ή“,©“®”Μ”„‹@‚Λ‚η‚Ά,Vh,Vh‰wΌϋπ”Τ,131041,“‹“s,Vh‹ζ,ΌVh‚P’–Ϊ,2020-02-12,21,‚»‚Μ‘Ό,‚»‚Μ‘Ό,‚ ‚θ
ή“,©“®”Μ”„‹@‚Λ‚η‚Ά,Λ’Λ,‰Ί—‡‰w‘Oπ”Τ,131041,“‹“s,Vh‹ζ,‰Ί—‡‚P’–Ϊ,2020-08-28,12,‚»‚Μ‘Ό,‚»‚Μ‘Ό,‚ ‚θ
ή“,©“®”Μ”„‹@‚Λ‚η‚Ά,l’J,δ‰‘‘ε’Κπ”Τ,131041,“‹“s,Vh‹ζ,Vh‚Q’–Ϊ,2020-06-24,10,“ΉHγ,‚»‚Μ‘Ό,‚ ‚θ
ή“,©“®”Μ”„‹@‚Λ‚η‚Ά,l’J,‰Τ‰€π”Τ,131041,“‹“s,Vh‹ζ,Vh‚T’–Ϊ,2020-09-04,16,“ΉHγ,‚»‚Μ‘Ό,‚ ‚θ
ή“,©“®”Μ”„‹@‚Λ‚η‚Ά,’†–μ,‘ξ“c’Κπ”Τ,131148,“‹“s,’†–μ‹ζ,’†–μ‚T’–Ϊ,2020-09-02,12,‚»‚Μ‘Ό,‚»‚Μ‘Ό,‚ ‚θ
ή“,©“®”Μ”„‹@‚Λ‚η‚Ά,’†–μ,’†–μ‰w‘Oπ”Τ,131148,“‹“s,’†–μ‹ζ,’†–μ‚T’–Ϊ,2020-02-24,10,‚»‚Μ‘Ό,‚»‚Μ‘Ό,‚ ‚θ
ή“,©“®”Μ”„‹@‚Λ‚η‚Ά,’†–μ,’†–μ‰w‘Oπ”Τ,131148,“‹“s,’†–μ‹ζ,’†–μ‚T’–Ϊ,2020-09-03,13,‚»‚Μ‘Ό,‚»‚Μ‘Ό,‚ ‚θ
ή“,©“®”Μ”„‹@‚Λ‚η‚Ά,’†–μ,“η‰®‰΅’π”Τ,131148,“‹“s,’†–μ‹ζ,–{’¬‚R’–Ϊ,2020-01-22,10,‚»‚Μ‘Ό,‚»‚Μ‘Ό,‚ ‚θ
ή“,©“®”Μ”„‹@‚Λ‚η‚Ά,–μ•ϋ,–μ•ϋ‰w‘Oπ”Τ,131148,“‹“s,’†–μ‹ζ,–μ•ϋ‚T’–Ϊ,2020-08-28,14,“ΉHγ,‚»‚Μ‘Ό,‚ ‚θ
ή“,©“®”Μ”„‹@‚Λ‚η‚Ά,–μ•ϋ,λ‹{‰w‘Oπ”Τ,131148,“‹“s,’†–μ‹ζ,λ‹{‚S’–Ϊ,2020-08-19,15,’“Τi—Φjκ,’“Τi—Φjκ,‚ ‚θ
ή“,©“®”Μ”„‹@‚Λ‚η‚Ά,–μ•ϋ,λ‹{‰w‘Oπ”Τ,131148,“‹“s,’†–μ‹ζ,λ‹{‚S’–Ϊ,2020-08-25,10,’“Τi—Φjκ,’“Τi—Φjκ,‚ ‚θ
ή“,©“®”Μ”„‹@‚Λ‚η‚Ά,™•ΐ,‚‰~›π”Τ,131156,“‹“s,™•ΐ‹ζ,‚‰~›“μ‚T’–Ϊ,2020-09-10,11,“ΉHγ,‚»‚Μ‘Ό,‚ ‚θ
ή“,©“®”Μ”„‹@‚Λ‚η‚Ά,™•ΐ,‚‰~›“μl’–Ϊπ”Τ,131156,“‹“s,™•ΐ‹ζ,‚‰~›–k‚Q’–Ϊ,2020-09-01,18,“ΉHγ,‚»‚Μ‘Ό,‚ ‚θ
ή“,©“®”Μ”„‹@‚Λ‚η‚Ά,™•ΐ,‚‰~›“μl’–Ϊπ”Τ,131156,“‹“s,™•ΐ‹ζ,‚‰~›“μ‚S’–Ϊ,2020-09-10,17,“ΉHγ,‚»‚Μ‘Ό,‚ ‚θ
ή“,©“®”Μ”„‹@‚Λ‚η‚Ά,™•ΐ,‚‰~›‰w‘Oπ”Τ,131156,“‹“s,™•ΐ‹ζ,‚‰~›–k‚R’–Ϊ,2020-09-15,00,“ΉHγ,‚»‚Μ‘Ό,‚ ‚θ
ή“,©“®”Μ”„‹@‚Λ‚η‚Ά,™•ΐ,‚‰~›‰w‘Oπ”Τ,131156,“‹“s,™•ΐ‹ζ,‚‰~›–k‚S’–Ϊ,2020-09-15,13,’“Τi—Φjκ,’“Τi—Φjκ,‚ ‚θ
ή“,©“®”Μ”„‹@‚Λ‚η‚Ά,™•ΐ,‚‰~›‰w‘Oπ”Τ,131156,“‹“s,™•ΐ‹ζ,‚‰~›–k‚S’–Ϊ,2020-09-18,15,’“Τi—Φjκ,’“Τi—Φjκ,‚ ‚θ
ή“,©“®”Μ”„‹@‚Λ‚η‚Ά,™•ΐ,‚‰~›‰w‘Oπ”Τ,131156,“‹“s,™•ΐ‹ζ,‚‰~›“μ‚R’–Ϊ,2020-09-17,11,“ΉHγ,‚»‚Μ‘Ό,‚ ‚θ
ή“,©“®”Μ”„‹@‚Λ‚η‚Ά,™•ΐ,Ά²’J–kπ”Τ,131156,“‹“s,™•ΐ‹ζ,Ά²’J–k‚S’–Ϊ,2020-09-10,14,“ΉHγ,‚»‚Μ‘Ό,‚ ‚θ
ή“,©“®”Μ”„‹@‚Λ‚η‚Ά,™•ΐ,Ά²’J‰w‘Oπ”Τ,131156,“‹“s,™•ΐ‹ζ,Ά²’J–k‚P’–Ϊ,2020-09-10,11,“ΉHγ,‚»‚Μ‘Ό,‚ ‚θ
ή“,©“®”Μ”„‹@‚Λ‚η‚Ά,™•ΐ,Ά²’J‰w‘Oπ”Τ,131156,“‹“s,™•ΐ‹ζ,Ά²’J–k‚Q’–Ϊ,2020-09-22,15,“ΉHγ,‚»‚Μ‘Ό,‚ ‚θ
ή“,©“®”Μ”„‹@‚Λ‚η‚Ά,™•ΐ,Ά²’J‰w‘Oπ”Τ,131156,“‹“s,™•ΐ‹ζ,Ά²’J“μ‚Q’–Ϊ,2020-03-11,08,‚»‚Μ‘Ό,’“Τi—Φjκ,‚ ‚θ
ή“,©“®”Μ”„‹@‚Λ‚η‚Ά,‚δΛ,Ό‰¬“μπ”Τ,131156,“‹“s,™•ΐ‹ζ,ΌΑ‚R’–Ϊ,2020-07-23,13,“ΉHγ,‚»‚Μ‘Ό,‚ ‚θ
ή“,©“®”Μ”„‹@‚Λ‚η‚Ά,‚δΛ,‰Ί‚δΛπ”Τ,131156,“‹“s,™•ΐ‹ζ,‰Ί‚δΛ‚P’–Ϊ,2020-10-25,18,“ΉHγ,‚»‚Μ‘Ό,‚ ‚θ
ή“,©“®”Μ”„‹@‚Λ‚η‚Ά,‚δΛ,‚δΛΌπ”Τ,131156,“‹“s,™•ΐ‹ζ,‚δΛ“‚P’–Ϊ,2020-04-30,10,“ΉHγ,‚»‚Μ‘Ό,‚ ‚θ
ή“,©“®”Μ”„‹@‚Λ‚η‚Ά,‰¬E,‰¬Eά’–Ϊπ”Τ,131156,“‹“s,™•ΐ‹ζ,‰¬E‚T’–Ϊ,2020-11-09,11,“ΉHγ,‚»‚Μ‘Ό,‚ ‚θ
ή“,©“®”Μ”„‹@‚Λ‚η‚Ά,‰¬E,‰¬E‰w–kϋπ”Τ,131156,“‹“s,™•ΐ‹ζ,“Vΐ‚R’–Ϊ,2020-08-10,09,“ΉHγ,‚»‚Μ‘Ό,‚ ‚θ
ή“,©“®”Μ”„‹@‚Λ‚η‚Ά,‰¬E,‰¬E‰w–kϋπ”Τ,131156,“‹“s,™•ΐ‹ζ,γ‰¬‚P’–Ϊ,2020-08-13,15,“ΉHγ,‚»‚Μ‘Ό,‚ ‚θ
ή“,©“®”Μ”„‹@‚Λ‚η‚Ά,‰¬E,‰¬E‰w–kϋπ”Τ,131156,“‹“s,™•ΐ‹ζ,γ‰¬‚P’–Ϊ,2020-09-28,11,“ΉHγ,‚»‚Μ‘Ό,‚ ‚θ
ή“,©“®”Μ”„‹@‚Λ‚η‚Ά,‰¬E,‰¬E‰w–kϋπ”Τ,131156,“‹“s,™•ΐ‹ζ,γ‰¬‚Q’–Ϊ,2020-09-25,16,“ΉHγ,‚»‚Μ‘Ό,‚ ‚θ
ή“,©“®”Μ”„‹@‚Λ‚η‚Ά,‰¬E,‰¬E‰w–kϋπ”Τ,131156,“‹“s,™•ΐ‹ζ,γ‰¬‚Q’–Ϊ,2020-10-01,12,“ΉHγ,‚»‚Μ‘Ό,‚ ‚θ
ή“,©“®”Μ”„‹@‚Λ‚η‚Ά,‰¬E,γδ‘‰w‘Oπ”Τ,131156,“‹“s,™•ΐ‹ζ,γδ‘‚R’–Ϊ,2020-09-06,17,‚»‚Μ‘Ό,‚»‚Μ‘Ό,‚ ‚θ
ή“,©“®”Μ”„‹@‚Λ‚η‚Ά,‰¬E,γδ‘‰w‘Oπ”Τ,131156,“‹“s,™•ΐ‹ζ,γδ‘‚R’–Ϊ,2020-12-06,21,‚»‚Μ‘Ό,‚»‚Μ‘Ό,‚ ‚θ
ή“,©“®”Μ”„‹@‚Λ‚η‚Ά,•xβ,t“ϊπ”Τ,131059,“‹“s,•¶‹‹ζ,¬Ξμ‚Q’–Ϊ,2020-09-01,16,‚»‚Μ‘Ό,‚»‚Μ‘Ό,‚ ‚θ
ή“,©“®”Μ”„‹@‚Λ‚η‚Ά,•xβ,t“ϊπ”Τ,131059,“‹“s,•¶‹‹ζ,γy‚P’–Ϊ,2020-01-01,10,‚»‚Μ‘Ό,‚»‚Μ‘Ό,‚ ‚θ
ή“,©“®”Μ”„‹@‚Λ‚η‚Ά,•xβ,¬Ξμδ“a’¬π”Τ,131059,“‹“s,•¶‹‹ζ,ηΞ‚R’–Ϊ,2020-02-26,11,“ΉHγ,‚»‚Μ‘Ό,‚ ‚θ
ή“,©“®”Μ”„‹@‚Λ‚η‚Ά,•xβ,γyπ”Τ,131059,“‹“s,•¶‹‹ζ,t“ϊ‚P’–Ϊ,2019-12-31,11,‚»‚Μ‘Ό,‚»‚Μ‘Ό,‚Θ‚µ
ή“,©“®”Μ”„‹@‚Λ‚η‚Ά,‘ƒ›,M\’Λπ”Τ,131164,“‹“s,–L“‡‹ζ,‘ƒ›‚S’–Ϊ,2020-11-02,12,‚»‚Μ‘Ό,‚»‚Μ‘Ό,‚ ‚θ
ή“,©“®”Μ”„‹@‚Λ‚η‚Ά,‘ƒ›,M\’Λπ”Τ,131164,“‹“s,–L“‡‹ζ,Ό‘ƒ›‚R’–Ϊ,2020-11-05,17,“ΉHγ,‚»‚Μ‘Ό,‚ ‚θ
ή“,©“®”Μ”„‹@‚Λ‚η‚Ά,‘ƒ›,‘ε’Λ‰w‘Oπ”Τ,131164,“‹“s,–L“‡‹ζ,–k‘ε’Λ‚P’–Ϊ,2020-02-15,18,’“Τi—Φjκ,’“Τi—Φjκ,‚ ‚θ
ή“,©“®”Μ”„‹@‚Λ‚η‚Ά,‘ƒ›,‘ε’Λ‰w‘Oπ”Τ,131164,“‹“s,–L“‡‹ζ,–k‘ε’Λ‚Q’–Ϊ,2020-02-15,18,’“Τi—Φjκ,’“Τi—Φjκ,‚ ‚θ
ή“,©“®”Μ”„‹@‚Λ‚η‚Ά,‘ƒ›,‘ε’Λ‰w‘Oπ”Τ,131164,“‹“s,–L“‡‹ζ,–k‘ε’Λ‚Q’–Ϊ,2020-11-10,12,‚»‚Μ‘Ό,‚»‚Μ‘Ό,‚ ‚θ
ή“,©“®”Μ”„‹@‚Λ‚η‚Ά,‘ƒ›,‘ε’Λ‰w‘Oπ”Τ,131164,“‹“s,–L“‡‹ζ,“μ‘ε’Λ‚P’–Ϊ,2020-08-13,12,‚»‚Μ‘Ό,’“Τi—Φjκ,‚ ‚θ
ή“,©“®”Μ”„‹@‚Λ‚η‚Ά,‘ƒ›,‘ε’Λ‰w‘Oπ”Τ,131164,“‹“s,–L“‡‹ζ,“μ‘ε’Λ‚P’–Ϊ,2020-08-17,16,’“Τi—Φjκ,’“Τi—Φjκ,‚ ‚θ
ή“,©“®”Μ”„‹@‚Λ‚η‚Ά,‘ƒ›,‘ε’Λ‰w‘Oπ”Τ,131164,“‹“s,–L“‡‹ζ,“μ‘ε’Λ‚P’–Ϊ,2020-08-17,16,“ΉHγ,‚»‚Μ‘Ό,‚ ‚θ
ή“,©“®”Μ”„‹@‚Λ‚η‚Ά,‘ƒ›,‘ε’Λ‰w‘Oπ”Τ,131164,“‹“s,–L“‡‹ζ,“μ‘ε’Λ‚P’–Ϊ,2020-08-17,20,“ΉHγ,‚»‚Μ‘Ό,‚ ‚θ
ή“,©“®”Μ”„‹@‚Λ‚η‚Ά,‘ƒ›,‘ε’Λ‰w‘Oπ”Τ,131164,“‹“s,–L“‡‹ζ,“μ‘ε’Λ‚P’–Ϊ,2020-11-18,13,‚»‚Μ‘Ό,‚»‚Μ‘Ό,‚ ‚θ
ή“,©“®”Μ”„‹@‚Λ‚η‚Ά,‘ƒ›,‘ƒ›V“cπ”Τ,131164,“‹“s,–L“‡‹ζ,γ’r‘ά‚P’–Ϊ,2020-11-20,12,“ΉHγ,‚»‚Μ‘Ό,‚ ‚θ
ή“,©“®”Μ”„‹@‚Λ‚η‚Ά,‘ƒ›,‘ƒ›V“cπ”Τ,131164,“‹“s,–L“‡‹ζ,–k‘ε’Λ‚R’–Ϊ,2020-11-10,12,‚»‚Μ‘Ό,‚»‚Μ‘Ό,‚ ‚θ
ή“,©“®”Μ”„‹@‚Λ‚η‚Ά,‘ƒ›,‘ƒ›V“cπ”Τ,131164,“‹“s,–L“‡‹ζ,Ό‘ƒ›‚P’–Ϊ,2020-11-10,10,‚»‚Μ‘Ό,‚»‚Μ‘Ό,‚ ‚θ
ή“,©“®”Μ”„‹@‚Λ‚η‚Ά,’r‘ά,’r‘ά“ρ–”π”Τ,131164,“‹“s,–L“‡‹ζ,’r‘ά‚Q’–Ϊ,2020-09-07,18,“ΉHγ,‚»‚Μ‘Ό,‚ ‚θ
ή“,©“®”Μ”„‹@‚Λ‚η‚Ά,’r‘ά,γ’r‘άπ”Τ,131164,“‹“s,–L“‡‹ζ,γ’r‘ά‚S’–Ϊ,2020-11-17,11,“ΉHγ,‚»‚Μ‘Ό,‚ ‚θ
ή“,©“®”Μ”„‹@‚Λ‚η‚Ά,’r‘ά,μ‰z’Κπ”Τ,131164,“‹“s,–L“‡‹ζ,’r‘ά‚R’–Ϊ,2020-09-02,16,’“Τi—Φjκ,’“Τi—Φjκ,‚ ‚θ
ή“,©“®”Μ”„‹@‚Λ‚η‚Ά,’r‘ά,μ‰z’Κπ”Τ,131164,“‹“s,–L“‡‹ζ,’r‘ά‚R’–Ϊ,2020-09-02,16,“ΉHγ,‚»‚Μ‘Ό,‚ ‚θ
ή“,©“®”Μ”„‹@‚Λ‚η‚Ά,’r‘ά,•½a’Κπ”Τ,131164,“‹“s,–L“‡‹ζ,’r‘ά‚P’–Ϊ,2020-10-14,13,“ΉHγ,‚»‚Μ‘Ό,‚ ‚θ
ή“,©“®”Μ”„‹@‚Λ‚η‚Ά,’r‘ά,•½a’Κπ”Τ,131164,“‹“s,–L“‡‹ζ,’r‘ά‚P’–Ϊ,2020-10-15,18,“ΉHγ,‚»‚Μ‘Ό,‚ ‚θ
ή“,©“®”Μ”„‹@‚Λ‚η‚Ά,’r‘ά,•½a’Κπ”Τ,131164,“‹“s,–L“‡‹ζ,’r‘ά‚Q’–Ϊ,2020-09-25,10,‚»‚Μ‘Ό,‚»‚Μ‘Ό,‚ ‚θ
ή“,©“®”Μ”„‹@‚Λ‚η‚Ά,’r‘ά,•½a’Κπ”Τ,131164,“‹“s,–L“‡‹ζ,’r‘ά‚Q’–Ϊ,2020-10-16,10,“ΉHγ,‚»‚Μ‘Ό,‚ ‚θ
ή“,©“®”Μ”„‹@‚Λ‚η‚Ά,–Ϊ”’,“μ’r‘άπ”Τ,131164,“‹“s,–L“‡‹ζ,“μ’r‘ά‚P’–Ϊ,2020-10-05,12,‚»‚Μ‘Ό,‚»‚Μ‘Ό,‚ ‚θ
ή“,©“®”Μ”„‹@‚Λ‚η‚Ά,–Ϊ”’,“’·θ‰w‘Oπ”Τ,131164,“‹“s,–L“‡‹ζ,’·θ‚T’–Ϊ,2020-02-04,09,‚»‚Μ‘Ό,‚»‚Μ‘Ό,‚Θ‚µ
ή“,©“®”Μ”„‹@‚Λ‚η‚Ά,–Ϊ”’,—v’¬π”Τ,131164,“‹“s,–L“‡‹ζ,—v’¬‚P’–Ϊ,2020-10-01,06,‚»‚Μ‘Ό,‚»‚Μ‘Ό,‚ ‚θ
ή“,©“®”Μ”„‹@‚Λ‚η‚Ά,–Ϊ”’,ημπ”Τ,131164,“‹“s,–L“‡‹ζ,—v’¬‚R’–Ϊ,2019-12-30,11,“ΉHγ,‚»‚Μ‘Ό,‚ ‚θ
ή“,©“®”Μ”„‹@‚Λ‚η‚Ά,‘κ–μμ,”Β‹΄‰w“ϋπ”Τ,131172,“‹“s,–k‹ζ,‘κ–μμ‚Q’–Ϊ,2020-01-15,12,“ΉHγ,‚»‚Μ‘Ό,‚ ‚θ
ή“,©“®”Μ”„‹@‚Λ‚η‚Ά,‘κ–μμ,”Β‹΄‰w“ϋπ”Τ,131172,“‹“s,–k‹ζ,‘κ–μμ‚V’–Ϊ,2020-11-11,11,“ΉHγ,‚»‚Μ‘Ό,‚ ‚θ
ή“,©“®”Μ”„‹@‚Λ‚η‚Ά,‘κ–μμ,ΌƒP΄π”Τ,131172,“‹“s,–k‹ζ,ΌƒP΄‚P’–Ϊ,2020-11-18,08,“ΉHγ,‚»‚Μ‘Ό,‚ ‚θ
ή“,©“®”Μ”„‹@‚Λ‚η‚Ά,‘κ–μμ,“c’[‚‘δπ”Τ,131172,“‹“s,–k‹ζ,’†—Ά‚Q’–Ϊ,2020-10-27,11,“ΉHγ,‚»‚Μ‘Ό,‚ ‚θ
ή“,©“®”Μ”„‹@‚Λ‚η‚Ά,‘κ–μμ,’†—Άπ”Τ,131172,“‹“s,–k‹ζ,“c’[‚S’–Ϊ,2020-09-01,09,“ΉHγ,‚»‚Μ‘Ό,‚ ‚θ
ή“,©“®”Μ”„‹@‚Λ‚η‚Ά,‰¤q,‰¤qά’–Ϊπ”Τ,131172,“‹“s,–k‹ζ,–L“‡‚S’–Ϊ,2020-06-29,09,‚»‚Μ‘Ό,‚»‚Μ‘Ό,‚ ‚θ
ή“,©“®”Μ”„‹@‚Λ‚η‚Ά,‰¤q,\π’‡΄π”Τ,131172,“‹“s,–k‹ζ,“\π‚U’–Ϊ,2020-10-19,08,“ΉHγ,‚»‚Μ‘Ό,‚ ‚θ
ή“,©“®”Μ”„‹@‚Λ‚η‚Ά,”Β‹΄,•½”φπ”Τ,131199,“‹“s,”Β‹΄‹ζ,”Β‹΄‚Q’–Ϊ,2020-01-15,00,‚»‚Μ‘Ό,‚»‚Μ‘Ό,‚Θ‚µ
ή“,©“®”Μ”„‹@‚Λ‚η‚Ά,”Β‹΄,•½”φπ”Τ,131199,“‹“s,”Β‹΄‹ζ,”Β‹΄‚Q’–Ϊ,2020-02-24,15,‚»‚Μ‘Ό,‚»‚Μ‘Ό,‚Θ‚µ
ή“,©“®”Μ”„‹@‚Λ‚η‚Ά,”Β‹΄,•½”φπ”Τ,131199,“‹“s,”Β‹΄‹ζ,”Β‹΄‚Q’–Ϊ,2020-02-26,11,‚»‚Μ‘Ό,‚»‚Μ‘Ό,‚Θ‚µ
ή“,©“®”Μ”„‹@‚Λ‚η‚Ά,”Β‹΄,F–μ’¬π”Τ,131199,“‹“s,”Β‹΄‹ζ,“μ’¬,2020-09-07,12,“ΉHγ,‚»‚Μ‘Ό,‚ ‚θ
ή“,©“®”Μ”„‹@‚Λ‚η‚Ά,”Β‹΄,‘εR’¬π”Τ,131199,“‹“s,”Β‹΄‹ζ,‘εR‹ΰδ’¬,2020-04-22,09,“ΉHγ,‚»‚Μ‘Ό,‚ ‚θ
ή“,©“®”Μ”„‹@‚Λ‚η‚Ά,”Β‹΄,‘εR’¬π”Τ,131199,“‹“s,”Β‹΄‹ζ,‘εR’¬,2020-10-05,16,‚»‚Μ‘Ό,‚»‚Μ‘Ό,‚ ‚θ
ή“,©“®”Μ”„‹@‚Λ‚η‚Ά,”Β‹΄,’†”Β‹΄π”Τ,131199,“‹“s,”Β‹΄‹ζ,‘o—t’¬,2020-04-22,09,’“Τi—Φjκ,’“Τi—Φjκ,‚ ‚θ
ή“,©“®”Μ”„‹@‚Λ‚η‚Ά,”Β‹΄,’†”Β‹΄π”Τ,131199,“‹“s,”Β‹΄‹ζ,‘o—t’¬,2020-09-09,14,’“Τi—Φjκ,’“Τi—Φjκ,‚ ‚θ
ή“,©“®”Μ”„‹@‚Λ‚η‚Ά,—ϋ”n,•xm©‘δ‰w‘Oπ”Τ,131202,“‹“s,—ϋ”n‹ζ,Ρδ‚R’–Ϊ,2020-04-15,14,“ΉHγ,‚»‚Μ‘Ό,‚ ‚θ
ή“,©“®”Μ”„‹@‚Λ‚η‚Ά,Ξ_δ,Ξ_δφ‰€‰w‘Oπ”Τ,131202,“‹“s,—ϋ”n‹ζ,Ξ_δ’¬‚R’–Ϊ,2020-06-14,21,“ΉHγ,‚»‚Μ‘Ό,‚ ‚θ
ή“,©“®”Μ”„‹@‚Λ‚η‚Ά,Ξ_δ,Ξ_δφ‰€‰w‘Oπ”Τ,131202,“‹“s,—ϋ”n‹ζ,Ξ_δ’¬‚R’–Ϊ,2020-06-28,21,“ΉHγ,‚»‚Μ‘Ό,‚ ‚θ
ή“,©“®”Μ”„‹@‚Λ‚η‚Ά,‚“‡•½,Ό‰@‘Oπ”Τ,131199,“‹“s,”Β‹΄‹ζ,l—t‚Q’–Ϊ,2020-04-16,11,‚»‚Μ‘Ό,‚»‚Μ‘Ό,‚ ‚θ
ή“,©“®”Μ”„‹@‚Λ‚η‚Ά,υ‚ª‹u,’J΄π”Τ,131202,“‹“s,—ϋ”n‹ζ,‚Ό‚R’–Ϊ,2020-05-16,08,‚»‚Μ‘Ό,‚»‚Μ‘Ό,‚ ‚θ
ή“,©“®”Μ”„‹@‚Λ‚η‚Ά,γ–μ,‘δ“π”Τ,131067,“‹“s,‘δ“‹ζ,‘δ“‚Q’–Ϊ,2020-02-05,18,‚»‚Μ‘Ό,‚»‚Μ‘Ό,‚Θ‚µ
ή“,©“®”Μ”„‹@‚Λ‚η‚Ά,γ–μ,δ“k’¬π”Τ,131067,“‹“s,‘δ“‹ζ,‘δ“‚Q’–Ϊ,2020-03-19,00,“ΉHγ,‚»‚Μ‘Ό,‚ ‚θ
ή“,©“®”Μ”„‹@‚Λ‚η‚Ά,γ–μ,φ‰€‘Oπ”Τ,131067,“‹“s,‘δ“‹ζ,γ–μ‚U’–Ϊ,2020-07-17,13,‚»‚Μ‘Ό,‚»‚Μ‘Ό,‚ ‚θ
ή“,©“®”Μ”„‹@‚Λ‚η‚Ά,γ–μ,γ–μ‰wπ”Τ,131067,“‹“s,‘δ“‹ζ,γ–μ‚V’–Ϊ,2020-08-06,11,“ΉHγ,‚»‚Μ‘Ό,‚ ‚θ
ή“,©“®”Μ”„‹@‚Λ‚η‚Ά,‰Ί’J,Oƒm—Φπ”Τ,131067,“‹“s,‘δ“‹ζ,—³ς‚R’–Ϊ,2020-02-18,12,“ΉHγ,‚»‚Μ‘Ό,‚ ‚θ
ή“,©“®”Μ”„‹@‚Λ‚η‚Ά,‰Ί’J,Oƒm—Φπ”Τ,131067,“‹“s,‘δ“‹ζ,—³ς‚R’–Ϊ,2020-11-25,10,“ΉHγ,‚»‚Μ‘Ό,‚ ‚θ
ή“,©“®”Μ”„‹@‚Λ‚η‚Ά,‰Ί’J,“ό’JΌπ”Τ,131067,“‹“s,‘δ“‹ζ,‰Ί’J‚P’–Ϊ,2020-05-06,17,“ΉHγ,‚»‚Μ‘Ό,‚ ‚θ
ή“,©“®”Μ”„‹@‚Λ‚η‚Ά,‘ ‘O,‘ ‘O“ρ’–Ϊπ”Τ,131067,“‹“s,‘δ“‹ζ,υ‚R’–Ϊ,2020-07-24,15,“ΉHγ,‚»‚Μ‘Ό,‚ ‚θ
ή“,©“®”Μ”„‹@‚Λ‚η‚Ά,“μηZ,“μηZ‰w“ϋπ”Τ,131181,“‹“s,rμ‹ζ,“μηZ‚V’–Ϊ,2020-10-05,20,‚»‚Μ‘Ό,‚»‚Μ‘Ό,‚ ‚θ
ή“,©“®”Μ”„‹@‚Λ‚η‚Ά,rμ,““ϊ•ι—Άπ”Τ,131181,“‹“s,rμ‹ζ,““ϊ•ι—Ά‚Q’–Ϊ,2020-07-22,18,‚»‚Μ‘Ό,‚»‚Μ‘Ό,‚ ‚θ
ή“,©“®”Μ”„‹@‚Λ‚η‚Ά,rμ,’¬‰®π”Τ,131181,“‹“s,rμ‹ζ,’¬‰®‚R’–Ϊ,2020-04-26,20,‚»‚Μ‘Ό,‚»‚Μ‘Ό,‚ ‚θ
ή“,©“®”Μ”„‹@‚Λ‚η‚Ά,rμ,“ϊ•ι—Ά‰w‘Oπ”Τ,131181,“‹“s,rμ‹ζ,Ό“ϊ•ι—Ά‚Q’–Ϊ,2020-10-27,12,’“Τi—Φjκ,’“Τi—Φjκ,‚ ‚θ
ή“,©“®”Μ”„‹@‚Λ‚η‚Ά,rμ,Ό“ϊ•ι—Ά‰w‘Oπ”Τ,131181,“‹“s,rμ‹ζ,Ό“ϊ•ι—Ά‚S’–Ϊ,2020-04-14,15,’“Τi—Φjκ,’“Τi—Φjκ,‚ ‚θ
ή“,©“®”Μ”„‹@‚Λ‚η‚Ά,rμ,Ό“ϊ•ι—Ά‰w‘Oπ”Τ,131181,“‹“s,rμ‹ζ,Ό“ϊ•ι—Ά‚T’–Ϊ,2020-10-27,12,‚»‚Μ‘Ό,‚»‚Μ‘Ό,‚ ‚θ
ή“,©“®”Μ”„‹@‚Λ‚η‚Ά,ηZ,’¬π”Τ,131211,“‹“s,‘«—§‹ζ,ηZ’¬,2020-09-25,17,‚»‚Μ‘Ό,‚»‚Μ‘Ό,‚ ‚θ
ή“,©“®”Μ”„‹@‚Λ‚η‚Ά,ΌVδ,”~“cµ’–Ϊπ”Τ,131211,“‹“s,‘«—§‹ζ,”~“‡‚P’–Ϊ,2020-10-12,15,’“Τi—Φjκ,’“Τi—Φjκ,‚ ‚θ
ή“,©“®”Μ”„‹@‚Λ‚η‚Ά,ΌVδ,–{–Ψπ”Τ,131211,“‹“s,‘«—§‹ζ,ΌVδ–{’¬‚S’–Ϊ,2020-04-22,09,‚»‚Μ‘Ό,‚»‚Μ‘Ό,‚ ‚θ
ή“,©“®”Μ”„‹@‚Λ‚η‚Ά,»£,’†‰›–{’¬π”Τ,131211,“‹“s,‘«—§‹ζ,’†‰›–{’¬‚T’–Ϊ,2020-03-09,08,‚»‚Μ‘Ό,‚»‚Μ‘Ό,‚ ‚θ
ή“,©“®”Μ”„‹@‚Λ‚η‚Ά,»£,’†‰›–{’¬π”Τ,131211,“‹“s,‘«—§‹ζ,•½–μ‚Q’–Ϊ,2020-10-29,11,“ΉHγ,‚»‚Μ‘Ό,‚Θ‚µ
ή“,©“®”Μ”„‹@‚Λ‚η‚Ά,»£,‘«—§l’–Ϊπ”Τ,131211,“‹“s,‘«—§‹ζ,‘«—§‚P’–Ϊ,2020-12-07,01,‚»‚Μ‘Ό,’“Τi—Φjκ,‚Θ‚µ
ή“,©“®”Μ”„‹@‚Λ‚η‚Ά,»£,‘«—§l’–Ϊπ”Τ,131211,“‹“s,‘«—§‹ζ,‘«—§‚S’–Ϊ,2020-11-30,20,‚»‚Μ‘Ό,‚»‚Μ‘Ό,‚ ‚θ
ή“,©“®”Μ”„‹@‚Λ‚η‚Ά,’|‚Μ’Λ,•Ϋ–ΨΤπ”Τ,131211,“‹“s,‘«—§‹ζ,•Ϋ–ΨΤ‚P’–Ϊ,2020-11-30,19,‚»‚Μ‘Ό,‚»‚Μ‘Ό,‚ ‚θ
ή“,©“®”Μ”„‹@‚Λ‚η‚Ά,’|‚Μ’Λ,Ό•Ϋ–ΨΤπ”Τ,131211,“‹“s,‘«—§‹ζ,‰Τ”¨‚S’–Ϊ,2020-05-11,18,‚»‚Μ‘Ό,‚»‚Μ‘Ό,‚ ‚θ
ή“,©“®”Μ”„‹@‚Λ‚η‚Ά,ι“,iJ‹΄π”Τ,131083,“‹“s,]“‹ζ,‘ε“‡‚S’–Ϊ,2020-04-02,10,‚»‚Μ‘Ό,‚»‚Μ‘Ό,‚ ‚θ
ή“,©“®”Μ”„‹@‚Λ‚η‚Ά,ι“,‹TΛπ”Τ,131083,“‹“s,]“‹ζ,‹TΛ‚Q’–Ϊ,2020-11-13,03,‚»‚Μ‘Ό,‚»‚Μ‘Ό,‚ ‚θ
ή“,©“®”Μ”„‹@‚Λ‚η‚Ά,–{,‹eμ“ρ’–Ϊπ”Τ,131075,“‹“s,–n“c‹ζ,—§μ‚P’–Ϊ,2020-03-05,15,’“Τi—Φjκ,’“Τi—Φjκ,‚ ‚θ
ή“,©“®”Μ”„‹@‚Λ‚η‚Ά,–{,‹Ρ…’¬‰w“μϋπ”Τ,131075,“‹“s,–n“c‹ζ,]“‹΄‚S’–Ϊ,2020-06-16,09,’“Τi—Φjκ,’“Τi—Φjκ,‚ ‚θ
ή“,©“®”Μ”„‹@‚Λ‚η‚Ά,–{,Ύ–βπ”Τ,131075,“‹“s,–n“c‹ζ,ό“‡‚P’–Ϊ,2020-12-18,08,‚»‚Μ‘Ό,‚»‚Μ‘Ό,‚ ‚θ
ή“,©“®”Μ”„‹@‚Λ‚η‚Ά,ό“‡,¬‘Ίδπ”Τ,131075,“‹“s,–n“c‹ζ,—§‰Τ‚S’–Ϊ,2020-11-23,13,“ΉHγ,‚»‚Μ‘Ό,‚ ‚θ
ή“,©“®”Μ”„‹@‚Λ‚η‚Ά,ό“‡,‹“‡“ρ’–Ϊπ”Τ,131075,“‹“s,–n“c‹ζ,‹“‡‚R’–Ϊ,2020-11-07,10,“ΉHγ,‚»‚Μ‘Ό,‚ ‚θ
ή“,©“®”Μ”„‹@‚Λ‚η‚Ά,‹T—L,¬›π”Τ,131229,“‹“s,‹ό‹ζ,¬›‚Q’–Ϊ,2020-05-13,06,‚»‚Μ‘Ό,‚»‚Μ‘Ό,‚ ‚θ
ή“,©“®”Μ”„‹@‚Λ‚η‚Ά,‹T—L,Δ–”π”Τ,131229,“‹“s,‹ό‹ζ,Δ–”‚S’–Ϊ,2020-09-16,18,‚»‚Μ‘Ό,‚»‚Μ‘Ό,‚ ‚θ
ή“,©“®”Μ”„‹@‚Λ‚η‚Ά,‹T—L,‹ΰ’¬‰w–kϋπ”Τ,131229,“‹“s,‹ό‹ζ,“‹ΰ’¬‚P’–Ϊ,2020-05-01,22,‚»‚Μ‘Ό,‚»‚Μ‘Ό,‚ ‚θ
ή“,©“®”Μ”„‹@‚Λ‚η‚Ά,‹T—L,…³φ‰€‘Oπ”Τ,131229,“‹“s,‹ό‹ζ,…³φ‰€,2020-01-18,14,‚»‚Μ‘Ό,‚»‚Μ‘Ό,‚ ‚θ
ή“,©“®”Μ”„‹@‚Λ‚η‚Ά,‹T—L,…³φ‰€‘Oπ”Τ,131229,“‹“s,‹ό‹ζ,…³φ‰€,2020-05-28,17,‚»‚Μ‘Ό,‚»‚Μ‘Ό,‚ ‚θ
ή“,©“®”Μ”„‹@‚Λ‚η‚Ά,‹ό,—§Ξ‰w‘Oπ”Τ,131229,“‹“s,‹ό‹ζ,—§Ξ‚T’–Ϊ,2020-05-01,17,‚»‚Μ‘Ό,’“Τi—Φjκ,‚ ‚θ
ή“,©“®”Μ”„‹@‚Λ‚η‚Ά,¬Όμ,”ª‘ ‹΄π”Τ,131237,“‹“s,]Λμ‹ζ,‘ε™‚S’–Ϊ,2020-05-25,23,‚»‚Μ‘Ό,‚»‚Μ‘Ό,‚ ‚θ
ή“,©“®”Μ”„‹@‚Λ‚η‚Ά,¬Όμ,κ”V]π”Τ,131237,“‹“s,]Λμ‹ζ,κ”V]‚T’–Ϊ,2020-01-31,18,“ΉHγ,‚»‚Μ‘Ό,‚ ‚θ
ή“,©“®”Μ”„‹@‚Λ‚η‚Ά,¬Όμ,]‰w‘Oπ”Τ,131237,“‹“s,]Λμ‹ζ,“]‚P’–Ϊ,2020-08-19,19,‚»‚Μ‘Ό,‚»‚Μ‘Ό,‚ ‚θ
ή“,©“®”Μ”„‹@‚Λ‚η‚Ά,¬Όμ,]‰w‘Oπ”Τ,131237,“‹“s,]Λμ‹ζ,“]‚P’–Ϊ,2020-10-21,19,‚»‚Μ‘Ό,‚»‚Μ‘Ό,‚ ‚θ
ή“,©“®”Μ”„‹@‚Λ‚η‚Ά,¬β,“ρ–‡‹΄π”Τ,131237,“‹“s,]Λμ‹ζ,“Ό–{‚Q’–Ϊ,2020-02-25,13,’“Τi—Φjκ,’“Τi—Φjκ,‚ ‚θ
ή“,©“®”Μ”„‹@‚Λ‚η‚Ά,¬β,]Λμπ”Τ,131237,“‹“s,]Λμ‹ζ,–k¬β‚P’–Ϊ,2020-08-29,18,‚»‚Μ‘Ό,‚»‚Μ‘Ό,‚ ‚θ
ή“,©“®”Μ”„‹@‚Λ‚η‚Ά,¬β,]Λμπ”Τ,131237,“‹“s,]Λμ‹ζ,–k¬β‚P’–Ϊ,2020-09-17,18,‚»‚Μ‘Ό,‚»‚Μ‘Ό,‚ ‚θ
ή“,©“®”Μ”„‹@‚Λ‚η‚Ά,¬β,­π”Τ,131237,“‹“s,]Λμ‹ζ,­‚Q’–Ϊ,2020-01-16,13,’“Τi—Φjκ,’“Τi—Φjκ,‚ ‚θ
ή“,©“®”Μ”„‹@‚Λ‚η‚Ά,‹Ό,‘D–x‰w‘Oπ”Τ,131237,“‹“s,]Λμ‹ζ,‘D–x‚S’–Ϊ,2019-12-17,04,‚»‚Μ‘Ό,‚»‚Μ‘Ό,‚ ‚θ
ή“,©“®”Μ”„‹@‚Λ‚η‚Ά,‚”φ,‚”φ‰w‘Oπ”Τ,132012,“‹“s,”ª‰¤qs,U“c’¬‚R’–Ϊ,2020-08-12,16,“ΉHγ,‚»‚Μ‘Ό,‚ ‚θ
ή“,©“®”Μ”„‹@‚Λ‚η‚Ά,‚”φ,•ΐ–Ψ’¬π”Τ,132012,“‹“s,”ª‰¤qs,U“c’¬‚R’–Ϊ,2020-08-21,15,“ΉHγ,‚»‚Μ‘Ό,‚ ‚θ
ή“,©“®”Μ”„‹@‚Λ‚η‚Ά,‚”φ,•ΐ–Ψ’¬π”Τ,132012,“‹“s,”ª‰¤qs,U“c’¬‚R’–Ϊ,2020-08-24,15,“ΉHγ,‚»‚Μ‘Ό,‚ ‚θ
ή“,©“®”Μ”„‹@‚Λ‚η‚Ά,‚”φ,‚ί‚¶‚λ‘δπ”Τ,132012,“‹“s,”ª‰¤qs,­“c’¬,2020-09-30,12,“ΉHγ,‚»‚Μ‘Ό,‚ ‚θ
ή“,©“®”Μ”„‹@‚Λ‚η‚Ά,‚”φ,’·–[’¬π”Τ,132012,“‹“s,”ª‰¤qs,’·–[’¬,2020-09-21,16,“ΉHγ,‚»‚Μ‘Ό,‚ ‚θ
ή“,©“®”Μ”„‹@‚Λ‚η‚Ά,‚”φ,‚”φ‰Ί’“έ,132012,“‹“s,”ª‰¤qs,“μσμ’¬,2020-03-24,08,‚»‚Μ‘Ό,‚»‚Μ‘Ό,‚ ‚θ
ή“,©“®”Μ”„‹@‚Λ‚η‚Ά,‘½–€’†‰›,‰iRl’–Ϊπ”Τ,132241,“‹“s,‘½–€s,z–K‚T’–Ϊ,2020-06-13,19,‚»‚Μ‘Ό,‚»‚Μ‘Ό,‚ ‚θ
ή“,©“®”Μ”„‹@‚Λ‚η‚Ά,‘½–€’†‰›,‰iRl’–Ϊπ”Τ,132241,“‹“s,‘½–€s,z–K‚T’–Ϊ,2020-11-18,21,‚»‚Μ‘Ό,‚»‚Μ‘Ό,‚ ‚θ
ή“,©“®”Μ”„‹@‚Λ‚η‚Ά,‘½–€’†‰›,‘εΫπ”Τ,132250,“‹“s,ξιs,“’·ΐ,2020-09-07,14,‚»‚Μ‘Ό,‚»‚Μ‘Ό,‚ ‚θ
ή“,©“®”Μ”„‹@‚Λ‚η‚Ά,‘½–€’†‰›,ΉƒP‹u’“έ,132241,“‹“s,‘½–€s,Aυ›‚T’–Ϊ,2020-10-22,08,‚»‚Μ‘Ό,‚»‚Μ‘Ό,‚ ‚θ
ή“,©“®”Μ”„‹@‚Λ‚η‚Ά,‘½–€’†‰›,ό—z‘δ’“έ,132250,“‹“s,ξιs,ό—z‘δ‚S’–Ϊ,2020-11-02,09,‚»‚Μ‘Ό,‚»‚Μ‘Ό,‚ ‚θ
ή“,©“®”Μ”„‹@‚Λ‚η‚Ά,“‘εa,‚―‚β‚«’Κπ”Τ,132209,“‹“s,“‘εas,’‡΄‚Q’–Ϊ,2020-10-02,17,“ΉHγ,‚»‚Μ‘Ό,‚ ‚θ
ή“,©“®”Μ”„‹@‚Λ‚η‚Ά,“‘εa,Oƒc–Ψπ”Τ,132233,“‹“s,•‘ ‘ΊRs,Oƒc–Ψ‚S’–Ϊ,2020-02-27,12,‚»‚Μ‘Ό,‚»‚Μ‘Ό,‚ ‚θ
ή“,©“®”Μ”„‹@‚Λ‚η‚Ά,“‘εa,Oƒc–Ψπ”Τ,132233,“‹“s,•‘ ‘ΊRs,’†΄‚S’–Ϊ,2020-07-14,07,‚»‚Μ‘Ό,‚»‚Μ‘Ό,‚Θ‚µ
ή“,©“®”Μ”„‹@‚Λ‚η‚Ά,Β”~,‰Ί’·•£’“έ,132055,“‹“s,Β”~s,’·•£‚R’–Ϊ,2020-10-27,12,“ΉHγ,‚»‚Μ‘Ό,‚Θ‚µ
ή“,©“®”Μ”„‹@‚Λ‚η‚Ά,Β”~,‰Ί’·•£’“έ,132055,“‹“s,Β”~s,’·•£‚S’–Ϊ,2020-07-01,13,“ΉHγ,‚»‚Μ‘Ό,‚Θ‚µ
ή“,©“®”Μ”„‹@‚Λ‚η‚Ά,Β”~,V’¬π”Τ,132055,“‹“s,Β”~s,V’¬‚U’–Ϊ,2020-04-14,15,“ΉHγ,‚»‚Μ‘Ό,‚ ‚θ
ή“,©“®”Μ”„‹@‚Λ‚η‚Ά,•¶,‰΅“cπ”Τ,132187,“‹“s,•¶s,‘εFμ,2020-07-10,18,‚»‚Μ‘Ό,‚»‚Μ‘Ό,‚ ‚θ
ή“,©“®”Μ”„‹@‚Λ‚η‚Ά,•¶,‰΅“cπ”Τ,132187,“‹“s,•¶s,•‘ –μ‘δ‚P’–Ϊ,2020-07-13,15,‚»‚Μ‘Ό,‚»‚Μ‘Ό,‚ ‚θ
ή“,©“®”Μ”„‹@‚Λ‚η‚Ά,•¶,‰΅“cπ”Τ,132187,“‹“s,•¶s,•‘ –μ‘δ‚P’–Ϊ,2020-07-14,13,‚»‚Μ‘Ό,‚»‚Μ‘Ό,‚ ‚θ
ή“,©“®”Μ”„‹@‚Λ‚η‚Ά,•¶,“ΰoπ”Τ,132187,“‹“s,•¶s,‘εFμ,2020-07-17,15,‚»‚Μ‘Ό,‚»‚Μ‘Ό,‚ ‚θ
ή“,©“®”Μ”„‹@‚Λ‚η‚Ά,•¶,” ªƒPθ’“έ,133035,“‹“s,•δ’¬,‘ε” ªƒPθ,2020-07-14,09,“ΉHγ,‚»‚Μ‘Ό,‚ ‚θ
ή“,©“®”Μ”„‹@‚Λ‚η‚Ά,•¶,Hμ‰w‘Oπ”Τ,132284,“‹“s,‚ ‚«‚ι–μs,Hμ‚S’–Ϊ,2020-08-02,12,“ΉHγ,‚»‚Μ‘Ό,‚ ‚θ
ή“,©“®”Μ”„‹@‚Λ‚η‚Ά,•¶,Hμ‰w‘Oπ”Τ,132284,“‹“s,‚ ‚«‚ι–μs,Hμ‚U’–Ϊ,2020-08-25,12,‚»‚Μ‘Ό,‚»‚Μ‘Ό,‚ ‚θ
ή“,©“®”Μ”„‹@‚Λ‚η‚Ά,”ª‰¤q,Ό”ª‰¤q‰w‘Oπ”Τ,132012,“‹“s,”ª‰¤qs,ηl’¬‚Q’–Ϊ,2020-08-11,15,“ΉHγ,‚»‚Μ‘Ό,‚ ‚θ
ή“,©“®”Μ”„‹@‚Λ‚η‚Ά,”ª‰¤q,Ό”ª‰¤q‰w‘Oπ”Τ,132012,“‹“s,”ª‰¤qs,ηl’¬‚Q’–Ϊ,2020-11-05,17,“ΉHγ,‚»‚Μ‘Ό,‚ ‚θ
ή“,©“®”Μ”„‹@‚Λ‚η‚Ά,”ª‰¤q,Ό”ª‰¤q‰w‘Oπ”Τ,132012,“‹“s,”ª‰¤qs,ηl’¬‚R’–Ϊ,2020-11-11,17,“ΉHγ,‚»‚Μ‘Ό,‚ ‚θ
ή“,©“®”Μ”„‹@‚Λ‚η‚Ά,”ª‰¤q,Ό”ª‰¤q‰w‘Oπ”Τ,132012,“‹“s,”ª‰¤qs,ηl’¬‚S’–Ϊ,2020-08-05,18,“ΉHγ,‚»‚Μ‘Ό,‚ ‚θ
ή“,©“®”Μ”„‹@‚Λ‚η‚Ά,”ª‰¤q,Ό”ª‰¤q‰w‘Oπ”Τ,132012,“‹“s,”ª‰¤qs,ηl’¬‚S’–Ϊ,2020-08-11,15,“ΉHγ,‚»‚Μ‘Ό,‚ ‚θ
ή“,©“®”Μ”„‹@‚Λ‚η‚Ά,”ª‰¤q,’Η•ªπ”Τ,132012,“‹“s,”ª‰¤qs,’Η•ª’¬,2020-10-29,12,“ΉHγ,‚»‚Μ‘Ό,‚ ‚θ
ή“,©“®”Μ”„‹@‚Λ‚η‚Ά,”ª‰¤q,’Η•ªπ”Τ,132012,“‹“s,”ª‰¤qs,’Η•ª’¬,2020-11-09,14,“ΉHγ,‚»‚Μ‘Ό,‚ ‚θ
ή“,©“®”Μ”„‹@‚Λ‚η‚Ά,”ª‰¤q,’Η•ªπ”Τ,132012,“‹“s,”ª‰¤qs,’Η•ª’¬,2020-11-09,15,“ΉHγ,‚»‚Μ‘Ό,‚ ‚θ
ή“,©“®”Μ”„‹@‚Λ‚η‚Ά,”ª‰¤q,’Η•ªπ”Τ,132012,“‹“s,”ª‰¤qs,¬–ε’¬,2020-11-05,13,“ΉHγ,‚»‚Μ‘Ό,‚ ‚θ
ή“,©“®”Μ”„‹@‚Λ‚η‚Ά,”ª‰¤q,’Η•ªπ”Τ,132012,“‹“s,”ª‰¤qs,ηl’¬‚P’–Ϊ,2020-11-12,08,“ΉHγ,‚»‚Μ‘Ό,‚ ‚θ
ή“,©“®”Μ”„‹@‚Λ‚η‚Ά,”ª‰¤q,’Η•ªπ”Τ,132012,“‹“s,”ª‰¤qs,ηl’¬‚P’–Ϊ,2020-11-12,10,“ΉHγ,‚»‚Μ‘Ό,‚ ‚θ
ή“,©“®”Μ”„‹@‚Λ‚η‚Ά,”ª‰¤q,’†–μπ”Τ,132012,“‹“s,”ª‰¤qs,’†–μγ’¬‚P’–Ϊ,2020-07-11,19,“ΉHγ,‚»‚Μ‘Ό,‚ ‚θ
ή“,©“®”Μ”„‹@‚Λ‚η‚Ά,”ª‰¤q,”ª‰¤q‰w“μϋπ”Τ,132012,“‹“s,”ª‰¤qs,›’¬,2020-09-03,11,’“Τi—Φjκ,’“Τi—Φjκ,‚ ‚θ
ή“,©“®”Μ”„‹@‚Λ‚η‚Ά,”ª‰¤q,”ª‰¤q‰w“μϋπ”Τ,132012,“‹“s,”ª‰¤qs,qΐ’¬‚P’–Ϊ,2020-09-04,08,“ΉHγ,‚»‚Μ‘Ό,‚ ‚θ
ή“,©“®”Μ”„‹@‚Λ‚η‚Ά,”ª‰¤q,”ª‰¤q‰w“μϋπ”Τ,132012,“‹“s,”ª‰¤qs,qΐ’¬‚P’–Ϊ,2020-09-04,13,“ΉHγ,‚»‚Μ‘Ό,‚ ‚θ
ή“,©“®”Μ”„‹@‚Λ‚η‚Ά,”ª‰¤q,”ª‰¤q‰w“μϋπ”Τ,132012,“‹“s,”ª‰¤qs,qΐ’¬‚P’–Ϊ,2020-09-23,12,“ΉHγ,‚»‚Μ‘Ό,‚ ‚θ
ή“,©“®”Μ”„‹@‚Λ‚η‚Ά,”ª‰¤q,”ª‰¤q‰w“μϋπ”Τ,132012,“‹“s,”ª‰¤qs,qΐ’¬‚P’–Ϊ,2020-09-23,15,“ΉHγ,‚»‚Μ‘Ό,‚ ‚θ
ή“,©“®”Μ”„‹@‚Λ‚η‚Ά,”ª‰¤q,”ª‰¤q‰w“μϋπ”Τ,132012,“‹“s,”ª‰¤qs,qΐ’¬‚P’–Ϊ,2020-09-24,15,“ΉHγ,‚»‚Μ‘Ό,‚ ‚θ
ή“,©“®”Μ”„‹@‚Λ‚η‚Ά,”ª‰¤q,”ª‰¤q‰w“μϋπ”Τ,132012,“‹“s,”ª‰¤qs,qΐ’¬‚P’–Ϊ,2020-09-25,16,“ΉHγ,‚»‚Μ‘Ό,‚ ‚θ
ή“,©“®”Μ”„‹@‚Λ‚η‚Ά,”ª‰¤q,”ª‰¤q‰w“μϋπ”Τ,132012,“‹“s,”ª‰¤qs,qΐ’¬‚Q’–Ϊ,2020-09-10,10,“ΉHγ,‚»‚Μ‘Ό,‚ ‚θ
ή“,©“®”Μ”„‹@‚Λ‚η‚Ά,”ª‰¤q,”ª‰¤q‰w“μϋπ”Τ,132012,“‹“s,”ª‰¤qs,qΐ’¬‚R’–Ϊ,2020-09-10,17,“ΉHγ,‚»‚Μ‘Ό,‚ ‚θ
ή“,©“®”Μ”„‹@‚Λ‚η‚Ά,”ª‰¤q,”ª‰¤q‰w“μϋπ”Τ,132012,“‹“s,”ª‰¤qs,qΐ’¬‚R’–Ϊ,2020-10-28,15,“ΉHγ,‚»‚Μ‘Ό,‚ ‚θ
ή“,©“®”Μ”„‹@‚Λ‚η‚Ά,”ª‰¤q,”ª‰¤q‰w“μϋπ”Τ,132012,“‹“s,”ª‰¤qs,qΐ’¬‚R’–Ϊ,2020-10-28,16,“ΉHγ,‚»‚Μ‘Ό,‚ ‚θ
ή“,©“®”Μ”„‹@‚Λ‚η‚Ά,”ª‰¤q,”ª‰¤q‰w“μϋπ”Τ,132012,“‹“s,”ª‰¤qs,qΐ’¬‚S’–Ϊ,2020-09-04,15,“ΉHγ,‚»‚Μ‘Ό,‚ ‚θ
ή“,©“®”Μ”„‹@‚Λ‚η‚Ά,”ª‰¤q,”ª‰¤q‰w“μϋπ”Τ,132012,“‹“s,”ª‰¤qs,›’¬,2020-08-28,10,“ΉHγ,‚»‚Μ‘Ό,‚ ‚θ
ή“,©“®”Μ”„‹@‚Λ‚η‚Ά,”ª‰¤q,”ª‰¤q‰w“μϋπ”Τ,132012,“‹“s,”ª‰¤qs,›’¬,2020-11-25,18,“ΉHγ,‚»‚Μ‘Ό,‚Θ‚µ
ή“,©“®”Μ”„‹@‚Λ‚η‚Ά,”ª‰¤q,”ª‰¤q‰w“μϋπ”Τ,132012,“‹“s,”ª‰¤qs,–’¬,2020-08-28,17,“ΉHγ,‚»‚Μ‘Ό,‚ ‚θ
ή“,©“®”Μ”„‹@‚Λ‚η‚Ά,”ª‰¤q,”ª‰¤q‰w–kϋπ”Τ,132012,“‹“s,”ª‰¤qs,V’¬,2020-08-26,09,’“Τi—Φjκ,’“Τi—Φjκ,‚ ‚θ
ή“,©“®”Μ”„‹@‚Λ‚η‚Ά,”ª‰¤q,”ª‰¤q‰w–kϋπ”Τ,132012,“‹“s,”ª‰¤qs,V’¬,2020-10-18,17,“ΉHγ,‚»‚Μ‘Ό,‚ ‚θ
ή“,©“®”Μ”„‹@‚Λ‚η‚Ά,”ª‰¤q,”ª‰¤q‰w–kϋπ”Τ,132012,“‹“s,”ª‰¤qs,–Ύ_’¬‚S’–Ϊ,2020-08-18,17,‚»‚Μ‘Ό,‚»‚Μ‘Ό,‚ ‚θ
ή“,©“®”Μ”„‹@‚Λ‚η‚Ά,”ª‰¤q,”ª‰¤q‰w–kϋπ”Τ,132012,“‹“s,”ª‰¤qs,–Ύ_’¬‚S’–Ϊ,2020-10-15,15,“ΉHγ,‚»‚Μ‘Ό,‚ ‚θ
ή“,©“®”Μ”„‹@‚Λ‚η‚Ά,”ª‰¤q,”ª‰¤q‰w–kϋπ”Τ,132012,“‹“s,”ª‰¤qs,‰΅R’¬,2020-10-22,16,“ΉHγ,‚»‚Μ‘Ό,‚ ‚θ
ή“,©“®”Μ”„‹@‚Λ‚η‚Ά,”ª‰¤q,³‰΅Rπ”Τ,132012,“‹“s,”ª‰¤qs,“c’¬,2020-09-14,13,“ΉHγ,‚»‚Μ‘Ό,‚ ‚θ
ή“,©“®”Μ”„‹@‚Λ‚η‚Ά,”ª‰¤q,³‰΅Rπ”Τ,132012,“‹“s,”ª‰¤qs,³‰΅R’¬‚P’–Ϊ,2020-09-16,16,“ΉHγ,‚»‚Μ‘Ό,‚ ‚θ
ή“,©“®”Μ”„‹@‚Λ‚η‚Ά,”ª‰¤q,³‰΅Rπ”Τ,132012,“‹“s,”ª‰¤qs,³‰΅R’¬‚Q’–Ϊ,2020-09-11,09,“ΉHγ,‚»‚Μ‘Ό,‚ ‚θ
ή“,©“®”Μ”„‹@‚Λ‚η‚Ά,”ª‰¤q,‹{‰Ί’“έ,132012,“‹“s,”ª‰¤qs,Λ’¬,2020-09-15,22,‚»‚Μ‘Ό,‚»‚Μ‘Ό,‚ ‚θ
ή“,©“®”Μ”„‹@‚Λ‚η‚Ά,”ª‰¤q,–k”ª‰¤qπ”Τ,132012,“‹“s,”ª‰¤qs,‚‘q’¬,2020-09-17,15,“ΉHγ,‚»‚Μ‘Ό,‚Θ‚µ
ή“,©“®”Μ”„‹@‚Λ‚η‚Ά,”ª‰¤q,¶“ό’¬’“έ,132012,“‹“s,”ª‰¤qs,’J–μ’¬,2020-04-09,12,“ΉHγ,‚»‚Μ‘Ό,‚ ‚θ
ή“,©“®”Μ”„‹@‚Λ‚η‚Ά,’¬“c,‹ΰXπ”Τ,132098,“‹“s,’¬“cs,‹ΰX‚Q’–Ϊ,2019-12-31,12,‚»‚Μ‘Ό,‚»‚Μ‘Ό,‚Θ‚µ
ή“,©“®”Μ”„‹@‚Λ‚η‚Ά,’¬“c,–μ’Γ“c’“έ,132098,“‹“s,’¬“cs,–μ’Γ“c’¬,2020-03-05,11,‚»‚Μ‘Ό,‚»‚Μ‘Ό,‚ ‚θ
ή“,©“®”Μ”„‹@‚Λ‚η‚Ά,’¬“c,¬–μH’“έ,132098,“‹“s,’¬“cs,¬–μH’¬,2020-02-28,10,‚»‚Μ‘Ό,‚»‚Μ‘Ό,‚ ‚θ
ή“,©“®”Μ”„‹@‚Λ‚η‚Ά,Ί“‡,–xό’“έ,132071,“‹“s,Ί“‡s,•‘ –μ‚R’–Ϊ,2020-10-29,17,‚»‚Μ‘Ό,‚»‚Μ‘Ό,‚ ‚θ
ή“,©“®”Μ”„‹@‚Λ‚η‚Ά,Ί“‡,“’†_‰w‘Oπ”Τ,132071,“‹“s,Ί“‡s,•“‡’¬,2020-10-01,13,‚»‚Μ‘Ό,‚»‚Μ‘Ό,‚ ‚θ
ή“,©“®”Μ”„‹@‚Λ‚η‚Ά,—§μ,‹Ρ’¬π”Τ,132021,“‹“s,—§μs,‹Ρ’¬‚P’–Ϊ,2020-04-04,18,‚»‚Μ‘Ό,‚»‚Μ‘Ό,‚ ‚θ
ή“,©“®”Μ”„‹@‚Λ‚η‚Ά,—§μ,—§“ϊ‹΄π”Τ,132021,“‹“s,—§μs,‹Ρ’¬‚U’–Ϊ,2020-09-04,10,“ΉHγ,‚»‚Μ‘Ό,‚ ‚θ
ή“,©“®”Μ”„‹@‚Λ‚η‚Ά,—§μ,—§μ‰w“μϋπ”Τ,132021,“‹“s,—§μs,Δθ’¬‚Q’–Ϊ,2020-07-10,14,“ΉHγ,‚»‚Μ‘Ό,‚ ‚θ
ή“,©“®”Μ”„‹@‚Λ‚η‚Ά,—§μ,—§μ‰w–kϋπ”Τ,132021,“‹“s,—§μs,’¬‚Q’–Ϊ,2020-09-02,16,“ΉHγ,‚»‚Μ‘Ό,‚ ‚θ
ή“,©“®”Μ”„‹@‚Λ‚η‚Ά,—§μ,—§μ‰w–kϋπ”Τ,132021,“‹“s,—§μs,’¬‚Q’–Ϊ,2020-09-23,17,“ΉHγ,‚»‚Μ‘Ό,‚ ‚θ
ή“,©“®”Μ”„‹@‚Λ‚η‚Ά,—§μ,“V‰¤‹΄π”Τ,132021,“‹“s,—§μs,Ό»’¬‚P’–Ϊ,2020-07-26,18,“ΉHγ,‚»‚Μ‘Ό,‚ ‚θ
ή“,©“®”Μ”„‹@‚Λ‚η‚Ά,—§μ,“V‰¤‹΄π”Τ,132021,“‹“s,—§μs,Ό»’¬‚U’–Ϊ,2020-07-02,23,“ΉHγ,‚»‚Μ‘Ό,‚ ‚θ
ή“,©“®”Μ”„‹@‚Λ‚η‚Ά,•{’†,”όD’¬π”Τ,132063,“‹“s,•{’†s,•Π’¬‚P’–Ϊ,2020-10-27,10,‚»‚Μ‘Ό,‚»‚Μ‘Ό,‚ ‚θ
ή“,©“®”Μ”„‹@‚Λ‚η‚Ά,•{’†,¥­π”Τ,132063,“‹“s,•{’†s,¬–φ’¬‚U’–Ϊ,2020-07-15,11,“ΉHγ,‚»‚Μ‘Ό,‚ ‚θ
ή“,©“®”Μ”„‹@‚Λ‚η‚Ά,•{’†,‘ζά’†wZ‘Oπ”Τ,132063,“‹“s,•{’†s,V’¬‚P’–Ϊ,2020-11-12,15,“ΉHγ,‚»‚Μ‘Ό,‚ ‚θ
ή“,©“®”Μ”„‹@‚Λ‚η‚Ά,•{’†,‘ε‘°π”Τ,132063,“‹“s,•{’†s,‹{Ό’¬‚R’–Ϊ,2020-10-19,09,“ΉHγ,‚»‚Μ‘Ό,‚ ‚θ
ή“,©“®”Μ”„‹@‚Λ‚η‚Ά,•{’†,‘ε‘°π”Τ,132063,“‹“s,•{’†s,‹{Ό’¬‚S’–Ϊ,2020-10-19,10,“ΉHγ,‚»‚Μ‘Ό,‚ ‚θ
ή“,©“®”Μ”„‹@‚Λ‚η‚Ά,•{’†,‘ε‘°π”Τ,132063,“‹“s,•{’†s,‹{Ό’¬‚S’–Ϊ,2020-10-27,10,“ΉHγ,‚»‚Μ‘Ό,‚ ‚θ
ή“,©“®”Μ”„‹@‚Λ‚η‚Ά,¬‹ΰδ,“¬‹ΰδ‰w‘Oπ”Τ,132101,“‹“s,¬‹ΰδs,–μ’¬‚Q’–Ϊ,2020-08-20,00,“ΉHγ,‚»‚Μ‘Ό,‚ ‚θ
ή“,©“®”Μ”„‹@‚Λ‚η‚Ά,¬‹ΰδ,Ρδ“μ’¬π”Τ,132144,“‹“s,‘•ª›s,“μ’¬‚P’–Ϊ,2019-09-26,16,‚»‚Μ‘Ό,‚»‚Μ‘Ό,‚ ‚θ
ή“,©“®”Μ”„‹@‚Λ‚η‚Ά,¬‹ΰδ,υ’¬π”Τ,132144,“‹“s,‘•ª›s,“ϊ‹g’¬‚R’–Ϊ,2020-07-22,13,‚»‚Μ‘Ό,‚»‚Μ‘Ό,‚ ‚θ
ή“,©“®”Μ”„‹@‚Λ‚η‚Ά,¬‹ΰδ,‘•ª›‰w“μϋπ”Τ,132144,“‹“s,‘•ª›s,“μ’¬‚R’–Ϊ,2020-10-30,16,“ΉHγ,‚»‚Μ‘Ό,‚ ‚θ
ή“,©“®”Μ”„‹@‚Λ‚η‚Ά,¬‹ΰδ,•‘ ¬‹ΰδ‰w‘Oπ”Τ,132101,“‹“s,¬‹ΰδs,–{’¬‚P’–Ϊ,2020-08-06,09,‚»‚Μ‘Ό,‚»‚Μ‘Ό,‚ ‚θ
ή“,©“®”Μ”„‹@‚Λ‚η‚Ά,¬‹ΰδ,•‘ ¬‹ΰδ‰w‘Oπ”Τ,132101,“‹“s,¬‹ΰδs,–{’¬‚P’–Ϊ,2020-08-11,10,‚»‚Μ‘Ό,‚»‚Μ‘Ό,‚ ‚θ
ή“,©“®”Μ”„‹@‚Λ‚η‚Ά,¬‹ΰδ,•‘ ¬‹ΰδ‰w‘Oπ”Τ,132101,“‹“s,¬‹ΰδs,–{’¬‚T’–Ϊ,2020-02-17,15,“ΉHγ,‚»‚Μ‘Ό,‚ ‚θ
ή“,©“®”Μ”„‹@‚Λ‚η‚Ά,¬‹ΰδ,•‘ ¬‹ΰδ‰w‘Oπ”Τ,132101,“‹“s,¬‹ΰδs,–{’¬‚T’–Ϊ,2020-09-16,16,‚»‚Μ‘Ό,‚»‚Μ‘Ό,‚ ‚θ
ή“,©“®”Μ”„‹@‚Λ‚η‚Ά,“c–³,“c–³‰w‘Oπ”Τ,132292,“‹“s,Ό“‹s,“c–³’¬‚Q’–Ϊ,2020-11-16,11,‚»‚Μ‘Ό,‚»‚Μ‘Ό,‚ ‚θ
ή“,©“®”Μ”„‹@‚Λ‚η‚Ά,“c–³,“c–³‰w‘Oπ”Τ,132292,“‹“s,Ό“‹s,“μ’¬‚R’–Ϊ,2020-11-17,09,‚»‚Μ‘Ό,‚»‚Μ‘Ό,‚ ‚θ
ή“,©“®”Μ”„‹@‚Λ‚η‚Ά,“c–³,“‹v—―•Δ‰w‘Oπ”Τ,132225,“‹“s,“‹v—―•Δs,•Xμ‘δ‚P’–Ϊ,2020-08-09,22,‚»‚Μ‘Ό,‚»‚Μ‘Ό,‚ ‚θ
ή“,©“®”Μ”„‹@‚Λ‚η‚Ά,“c–³,“‹v—―•Δ‰w‘Oπ”Τ,132225,“‹“s,“‹v—―•Δs,•Xμ‘δ‚P’–Ϊ,2020-08-14,01,‚»‚Μ‘Ό,‚»‚Μ‘Ό,‚ ‚θ
ή“,©“®”Μ”„‹@‚Λ‚η‚Ά,“c–³,“‹v—―•Δ‰w‘Oπ”Τ,132225,“‹“s,“‹v—―•Δs,•Xμ‘δ‚P’–Ϊ,2020-08-29,22,‚»‚Μ‘Ό,‚»‚Μ‘Ό,‚ ‚θ
ή“,©“®”Μ”„‹@‚Λ‚η‚Ά,“‘ΊR,‹v•Δμ‰w‘Oπ”Τ,132136,“‹“s,“‘ΊRs,‰h’¬‚Q’–Ϊ,2020-07-04,22,‚»‚Μ‘Ό,‚»‚Μ‘Ό,‚Θ‚µ
ή“,©“®”Μ”„‹@‚Λ‚η‚Ά,“‘ΊR,‰Ί΄Λ’“έ,132217,“‹“s,΄£s,’†΄Λ‚T’–Ϊ,2020-09-19,17,‚»‚Μ‘Ό,‚»‚Μ‘Ό,‚ ‚θ
ή“,©“®”Μ”„‹@‚Λ‚η‚Ά,•‘ –μ,O‘ι‰w–kϋπ”Τ,132039,“‹“s,•‘ –μs,Ό‹v•Ϋ‚P’–Ϊ,2020-07-27,11,‚»‚Μ‘Ό,‚»‚Μ‘Ό,‚ ‚θ
ή“,©“®”Μ”„‹@‚Λ‚η‚Ά,•‘ –μ,”ª”¦’¬π”Τ,132039,“‹“s,•‘ –μs,Φ‘O‚R’–Ϊ,2020-10-22,15,“ΉHγ,‚»‚Μ‘Ό,‚ ‚θ
ή“,©“®”Μ”„‹@‚Λ‚η‚Ά,•‘ –μ,”ª”¦’¬π”Τ,132039,“‹“s,•‘ –μs,”ª”¦’¬‚P’–Ϊ,2020-11-04,10,“ΉHγ,‚»‚Μ‘Ό,‚ ‚θ
ή“,©“®”Μ”„‹@‚Λ‚η‚Ά,•‘ –μ,χ’ηπ”Τ,132039,“‹“s,•‘ –μs,‹«‚Q’–Ϊ,2020-04-14,21,‚»‚Μ‘Ό,‚»‚Μ‘Ό,‚ ‚θ
ή“,©“®”Μ”„‹@‚Λ‚η‚Ά,•‘ –μ,χ’ηπ”Τ,132039,“‹“s,•‘ –μs,‹«‚Q’–Ϊ,2020-08-24,15,‚»‚Μ‘Ό,‚»‚Μ‘Ό,‚ ‚θ
ή“,©“®”Μ”„‹@‚Λ‚η‚Ά,•‘ –μ,•‘ ‹«‰w“μϋπ”Τ,132039,“‹“s,•‘ –μs,‹«“μ’¬‚Q’–Ϊ,2020-08-13,08,“ΉHγ,‚»‚Μ‘Ό,‚ ‚θ
ή“,©“®”Μ”„‹@‚Λ‚η‚Ά,•‘ –μ,•‘ ‹«‰w“μϋπ”Τ,132039,“‹“s,•‘ –μs,‹«‚Q’–Ϊ,2020-04-14,19,‚»‚Μ‘Ό,‚»‚Μ‘Ό,‚ ‚θ
ή“,©“®”Μ”„‹@‚Λ‚η‚Ά,•‘ –μ,—Ξ’¬π”Τ,132039,“‹“s,•‘ –μs,Ό‹v•Ϋ‚R’–Ϊ,2020-10-19,12,‚»‚Μ‘Ό,‚»‚Μ‘Ό,‚ ‚θ
ή“,©“®”Μ”„‹@‚Λ‚η‚Ά,O‘ι,’†εμπ”Τ,132047,“‹“s,O‘ιs,’†΄‚Q’–Ϊ,2020-02-10,21,“ΉHγ,‚»‚Μ‘Ό,‚Θ‚µ
ή“,©“®”Μ”„‹@‚Λ‚η‚Ά,’²•z,’–•ϋπ”Τ,132195,“‹“s,]s,‹ξδ’¬‚Q’–Ϊ,2020-04-10,17,“ΉHγ,‚»‚Μ‘Ό,‚ ‚θ
ή“,©“®”Μ”„‹@‚Λ‚η‚Ά,’²•z,‹e–μ‘δπ”Τ,132080,“‹“s,’²•zs,Ό‚Β‚Β‚¶ƒP‹u‚S’–Ϊ,2020-11-30,19,“ΉHγ,‚»‚Μ‘Ό,‚ ‚θ
ή“,©“®”Μ”„‹@‚Λ‚η‚Ά,’²•z,aς‘½–€μπ”Τ,132195,“‹“s,]s,“aς‚Q’–Ϊ,2020-07-04,17,‚»‚Μ‘Ό,‚»‚Μ‘Ό,‚ ‚θ
ή“,©“®”Μ”„‹@‚Λ‚η‚Ά,’²•z,aς‘½–€μπ”Τ,132195,“‹“s,]s,“aς‚R’–Ϊ,2020-05-26,16,“ΉHγ,‚»‚Μ‘Ό,‚ ‚θ
ή“,©“®”Μ”„‹@‚Λ‚η‚Ά,’²•z,’²•z‰w‘Oπ”Τ,132080,“‹“s,’²•zs,•z“c‚P’–Ϊ,2020-04-13,15,‚»‚Μ‘Ό,‚»‚Μ‘Ό,‚ ‚θ
ή“,©“®”Μ”„‹@‚Λ‚η‚Ά,¬•½,¬μ‰w‘Oπ”Τ,132110,“‹“s,¬•½s,¬μ’¬‚P’–Ϊ,2020-06-22,09,‚»‚Μ‘Ό,’“Τi—Φjκ,‚ ‚θ
ή“,©“®”Μ”„‹@‚Λ‚η‚Ά,¬}΄,•κ“‡’“έ,134210,“‹“s,¬}΄‘Ί,,2020-10-11,16,‚»‚Μ‘Ό,‚»‚Μ‘Ό,‚ ‚θ
