罪名,手口,管轄警察署（発生地）,管轄交番・駐在所（発生地）,市区町村コード（発生地）,都道府県（発生地）,市区町村（発生地）,町丁目（発生地）,発生年月日（始期）,発生時（始期）,発生場所,発生場所の詳細,施錠関係,盗難防止装置の有無,現金以外の主な被害品,name,latitude,longitude,police_office_name,police_office_latitude,police_office_longitude
窃盗,自動車盗,中央,八重洲通交番,131024.0,東京都,中央区,八重洲１丁目,2022/3/21,5,道路上,その他,キーあり,なし,貨物自動車,中央区八重洲１丁目,35.682265,139.770922, 中央警察署 八重洲通交番,,
窃盗,自動車盗,深川,森下交番,131083.0,東京都,江東区,常盤２丁目,2022/4/12,20,一戸建住宅,駐車（輪）場,キーなし,あり,乗用自動車,江東区常盤２丁目,35.684826,139.797281, 深川警察署 森下交番,35.687988,139.800988
窃盗,自動車盗,麹町,目黒駅前交番,131091.0,東京都,品川区,上大崎３丁目,2022/5/9,0,駐車（輪）場,駐車（輪）場,キーあり,あり,乗用自動車,品川区上大崎３丁目,35.6316729,139.7185743, 麹町警察署 目黒駅前交番,,
窃盗,自動車盗,麹町,青物横丁駅前交番,131091.0,東京都,品川区,東品川４丁目,2022/5/9,23,駐車（輪）場,駐車（輪）場,キーあり,あり,乗用自動車,品川区東品川４丁目,35.6095108,139.7486177, 麹町警察署 青物横丁駅前交番,,
窃盗,自動車盗,万世橋,秋葉原交番,131016.0,東京都,千代田区,神田花岡町,2022/10/16,4,道路上,その他,キーなし,あり,特殊自動車,千代田区神田花岡町,35.698802,139.773971, 万世橋警察署 秋葉原交番,,
窃盗,自動車盗,万世橋,台東交番,131067.0,東京都,台東区,台東１丁目,2022/2/21,18,道路上,その他,キーあり,なし,貨物自動車,台東区台東１丁目,35.7013831,139.7787228, 万世橋警察署 台東交番,,
窃盗,自動車盗,高輪,白金三光町交番,131032.0,東京都,港区,白金台４丁目,2022/5/4,0,４階建て以上共同住宅,駐車（輪）場,キーあり,なし,乗用自動車,港区白金台４丁目,35.6393691,139.7260067, 高輪警察署 白金三光町交番,35.644574,139.725354
窃盗,自動車盗,麻布,西麻布交番,131032.0,東京都,港区,西麻布３丁目,2022/8/26,5,駐車（輪）場,駐車（輪）場,キーあり,なし,乗用自動車,港区西麻布３丁目,35.657877,139.7259705, 麻布警察署 西麻布交番,35.659572,139.723771
窃盗,自動車盗,東京湾岸,お台場海浜公園駅前交番,131032.0,東京都,港区,台場１丁目,2022/9/9,0,その他,駐車（輪）場,キーなし,なし,乗用自動車,港区台場１丁目,35.6308488,139.7783151, 東京湾岸警察署 お台場海浜公園駅前交番,,
窃盗,自動車盗,品川,天王洲交番,131091.0,東京都,品川区,東品川１丁目,2022/3/5,23,駐車（輪）場,駐車（輪）場,キーなし,あり,乗用自動車,品川区東品川１丁目,35.6206661,139.7456149, 品川警察署 天王洲交番,35.622105,139.750548
窃盗,自動車盗,品川,天王洲交番,131091.0,東京都,品川区,東品川３丁目,2022/8/23,16,その他,駐車（輪）場,キーあり,あり,乗用自動車,品川区東品川３丁目,35.6149535,139.7491354, 品川警察署 天王洲交番,35.622105,139.750548
窃盗,自動車盗,品川,青物横丁駅前交番,131091.0,東京都,品川区,東品川３丁目,2022/10/3,21,駐車（輪）場,駐車（輪）場,キーなし,なし,乗用自動車,品川区東品川３丁目,35.6149535,139.7491354, 品川警察署 青物横丁駅前交番,,
窃盗,自動車盗,大崎,五反田駅前交番,131091.0,東京都,品川区,東五反田４丁目,2022/10/28,19,４階建て以上共同住宅,駐車（輪）場,キーなし,あり,乗用自動車,品川区東五反田４丁目,35.6305338,139.7277515, 大崎警察署 五反田駅前交番,,
窃盗,自動車盗,荏原,江戸見坂交番,131091.0,東京都,品川区,小山６丁目,2022/5/11,0,駐車（輪）場,駐車（輪）場,キーなし,あり,乗用自動車,品川区小山６丁目,35.614066,139.6986119, 荏原警察署 江戸見坂交番,35.6122273,139.700573
窃盗,自動車盗,大森,森ケ崎交番,131113.0,東京都,大田区,大森東５丁目,2022/5/8,19,一戸建住宅,駐車（輪）場,キーなし,なし,乗用自動車,大田区大森東５丁目,35.5691499,139.7433136, 大森警察署 森ケ崎交番,35.5636528,139.7443903363457
窃盗,自動車盗,大森,森ケ崎交番,131113.0,東京都,大田区,大森南２丁目,2022/5/26,20,一戸建住宅,駐車（輪）場,キーなし,あり,乗用自動車,大田区大森南２丁目,35.5624942,139.7437254, 大森警察署 森ケ崎交番,35.5636528,139.7443903363457
窃盗,自動車盗,大森,,,,,,2022/3/16,22,４階建て以上共同住宅,駐車（輪）場,キーなし,なし,乗用自動車,nannan,,, 大森警察署 nan,,
窃盗,自動車盗,蒲田,蒲田駅東口交番,131113.0,東京都,大田区,蒲田５丁目,2022/11/19,4,４階建て以上共同住宅,駐車（輪）場,キーあり,なし,乗用自動車,大田区蒲田５丁目,35.5618058,139.7189189, 蒲田警察署 蒲田駅東口交番,35.562722,139.716692
窃盗,自動車盗,池上,南馬込交番,131113.0,東京都,大田区,東馬込２丁目,2022/2/24,20,一戸建住宅,駐車（輪）場,キーなし,あり,乗用自動車,大田区東馬込２丁目,35.5936188,139.7170159, 池上警察署 南馬込交番,35.5872526,139.7140689
窃盗,自動車盗,池上,南馬込交番,131113.0,東京都,大田区,南馬込３丁目,2022/4/21,17,その他の住宅（３階建て以下共同住宅等）,駐車（輪）場,キーなし,なし,乗用自動車,大田区南馬込３丁目,35.5854873,139.7180325, 池上警察署 南馬込交番,35.5872526,139.7140689
窃盗,自動車盗,池上,西馬込交番,131113.0,東京都,大田区,仲池上２丁目,2022/8/6,1,駐車（輪）場,駐車（輪）場,キーなし,あり,乗用自動車,大田区仲池上２丁目,35.5829646,139.7011815, 池上警察署 西馬込交番,35.5869344,139.7057815
窃盗,自動車盗,池上,西馬込交番,131113.0,東京都,大田区,南馬込５丁目,2022/1/12,21,道路上,その他,キーあり,あり,乗用自動車,大田区南馬込５丁目,35.5884495,139.7094306, 池上警察署 西馬込交番,35.5869344,139.7057815
窃盗,自動車盗,東京空港,第１ターミナル交番,131113.0,東京都,大田区,羽田空港３丁目,2022/4/26,6,その他,駐車（輪）場,キーあり,あり,乗用自動車,大田区羽田空港３丁目,35.5440559,139.786874, 東京空港警察署 第１ターミナル交番,35.5472022,139.7856682
窃盗,自動車盗,東京空港,第１ターミナル交番,131113.0,東京都,大田区,羽田空港３丁目,2022/4/26,6,その他,駐車（輪）場,キーなし,あり,乗用自動車,大田区羽田空港３丁目,35.5440559,139.786874, 東京空港警察署 第１ターミナル交番,35.5472022,139.7856682
窃盗,自動車盗,世田谷,世田谷交番,131121.0,東京都,世田谷区,世田谷１丁目,2022/2/23,3,駐車（輪）場,駐車（輪）場,キーなし,あり,乗用自動車,世田谷区世田谷１丁目,35.6413833,139.6492901, 世田谷警察署 世田谷交番,35.6427105,139.6512007
窃盗,自動車盗,世田谷,松ケ丘交番,131121.0,東京都,世田谷区,弦巻４丁目,2022/3/6,16,駐車（輪）場,駐車（輪）場,キーなし,あり,乗用自動車,世田谷区弦巻４丁目,35.6367359,139.6424961, 世田谷警察署 松ケ丘交番,35.640072,139.640751
窃盗,自動車盗,世田谷,若林交番,131121.0,東京都,世田谷区,上馬５丁目,2022/11/29,22,駐車（輪）場,駐車（輪）場,キーなし,あり,乗用自動車,世田谷区上馬５丁目,35.6399501,139.6578893, 世田谷警察署 若林交番,35.642295,139.660582
窃盗,自動車盗,世田谷,馬事公苑駐在所,131121.0,東京都,世田谷区,上用賀２丁目,2022/8/3,17,道路上,その他,キーあり,なし,乗用自動車,世田谷区上用賀２丁目,35.6371609,139.6335804, 世田谷警察署 馬事公苑駐在所,,
窃盗,自動車盗,北沢,宮前橋交番,131121.0,東京都,世田谷区,梅丘１丁目,2022/2/25,8,駐車（輪）場,駐車（輪）場,キーなし,あり,乗用自動車,世田谷区梅丘１丁目,35.6545807,139.652887, 北沢警察署 宮前橋交番,35.6558809,139.6597884
窃盗,自動車盗,北沢,宮前橋交番,131121.0,東京都,世田谷区,代田３丁目,2022/3/2,2,一戸建住宅,駐車（輪）場,キーなし,あり,なし,世田谷区代田３丁目,35.6544522,139.6578115, 北沢警察署 宮前橋交番,35.6558809,139.6597884
窃盗,自動車盗,北沢,淡島通交番,131121.0,東京都,世田谷区,代沢２丁目,2022/11/27,19,駐車（輪）場,駐車（輪）場,キーなし,なし,乗用自動車,世田谷区代沢２丁目,35.6585276,139.6720527, 北沢警察署 淡島通交番,,
窃盗,自動車盗,玉川,深沢交番,131121.0,東京都,世田谷区,深沢７丁目,2022/4/28,17,駐車（輪）場,駐車（輪）場,キーあり,なし,乗用自動車,世田谷区深沢７丁目,35.6125463,139.6548688, 玉川警察署 深沢交番,35.620908,139.653389
窃盗,自動車盗,玉川,瀬田交番,131121.0,東京都,世田谷区,用賀１丁目,2022/2/22,19,駐車（輪）場,駐車（輪）場,キーなし,あり,乗用自動車,世田谷区用賀１丁目,35.6233174,139.6398246, 玉川警察署 瀬田交番,35.6201597,139.6305444
窃盗,自動車盗,成城,千歳台交番,131121.0,東京都,世田谷区,千歳台４丁目,2022/5/27,1,駐車（輪）場,駐車（輪）場,キーなし,なし,乗用自動車,世田谷区千歳台４丁目,35.6566076,139.6138018, 成城警察署 千歳台交番,35.658237,139.6092004
窃盗,自動車盗,成城,大蔵二丁目交番,131121.0,東京都,世田谷区,砧５丁目,2022/7/12,22,一戸建住宅,その他,キーなし,あり,乗用自動車,世田谷区砧５丁目,35.6372089,139.6092501, 成城警察署 大蔵二丁目交番,,
窃盗,自動車盗,目黒,油面交番,131105.0,東京都,目黒区,中町１丁目,2022/12/9,17,その他,駐車（輪）場,キーなし,なし,乗用自動車,目黒区中町１丁目,35.6313077,139.6973848, 目黒警察署 油面交番,35.6307031,139.701278
窃盗,自動車盗,目黒,市野倉交番,131113.0,東京都,大田区,中央６丁目,2022/12/2,21,その他の住宅（３階建て以下共同住宅等）,駐車（輪）場,キーあり,なし,乗用自動車,大田区中央６丁目,35.5778655,139.7129966, 目黒警察署 市野倉交番,,
窃盗,自動車盗,碑文谷,中根交番,131105.0,東京都,目黒区,八雲３丁目,2022/8/31,13,４階建て以上共同住宅,駐車（輪）場,キーなし,あり,乗用自動車,目黒区八雲３丁目,35.6170881,139.6667272, 碑文谷警察署 中根交番,35.614826,139.669888
窃盗,自動車盗,碑文谷,学芸大学駅前交番,131105.0,東京都,目黒区,碑文谷４丁目,2022/2/25,0,一戸建住宅,その他,キーなし,あり,乗用自動車,目黒区碑文谷４丁目,35.6203685,139.6836331, 碑文谷警察署 学芸大学駅前交番,35.6288802,139.6852299
窃盗,自動車盗,碑文谷,柿の木坂交番,131105.0,東京都,目黒区,東が丘１丁目,2022/9/1,15,一戸建住宅,駐車（輪）場,キーなし,あり,なし,目黒区東が丘１丁目,35.6286491,139.6691224, 碑文谷警察署 柿の木坂交番,35.6260088,139.6703183
窃盗,自動車盗,代々木,代々木上原駅前交番,131130.0,東京都,渋谷区,西原１丁目,2021/11/16,0,４階建て以上共同住宅,駐車（輪）場,キーなし,あり,乗用自動車,渋谷区西原１丁目,35.675435,139.6815893, 代々木警察署 代々木上原駅前交番,,
窃盗,自動車盗,代々木,清水橋交番,131130.0,東京都,渋谷区,本町３丁目,2022/4/11,23,４階建て以上共同住宅,駐車（輪）場,キーなし,あり,乗用自動車,渋谷区本町３丁目,35.6889569,139.6819702, 代々木警察署 清水橋交番,35.6888569,139.6826734
窃盗,自動車盗,新宿,淀橋市場前交番,131041.0,東京都,新宿区,北新宿３丁目,2022/1/27,14,駐車（輪）場,駐車（輪）場,キーなし,あり,乗用自動車,新宿区北新宿３丁目,35.7038073,139.6915001, 新宿警察署 淀橋市場前交番,35.7064252,139.6945035
窃盗,自動車盗,新宿,淀橋市場前交番,131041.0,東京都,新宿区,北新宿４丁目,2022/12/1,15,４階建て以上共同住宅,駐車（輪）場,キーなし,あり,乗用自動車,新宿区北新宿４丁目,35.7067368,139.6918595, 新宿警察署 淀橋市場前交番,35.7064252,139.6945035
窃盗,自動車盗,新宿,熊野神社前交番,131041.0,東京都,新宿区,西新宿４丁目,2022/1/13,20,駐車（輪）場,駐車（輪）場,キーなし,あり,乗用自動車,新宿区西新宿４丁目,35.6875376,139.6878764, 新宿警察署 熊野神社前交番,35.690951,139.6875688
窃盗,自動車盗,戸塚,上落合交番,131041.0,東京都,新宿区,中井１丁目,2022/8/10,2,道路上,その他,キーあり,なし,乗用自動車,新宿区中井１丁目,35.7150367,139.6845679, 戸塚警察署 上落合交番,35.7133102,139.685734
窃盗,自動車盗,戸塚,高田馬場駅前交番,131041.0,東京都,新宿区,高田馬場３丁目,2022/1/15,2,道路上,その他,キーあり,なし,乗用自動車,新宿区高田馬場３丁目,35.713485,139.6976075, 戸塚警察署 高田馬場駅前交番,35.7129424,139.7042877
窃盗,自動車盗,野方,江古田四丁目交番,131148.0,東京都,中野区,江古田３丁目,2022/8/10,7,その他,駐車（輪）場,キーなし,なし,なし,中野区江古田３丁目,35.7284981,139.6661016, 野方警察署 江古田四丁目交番,35.7239934,139.6656662
窃盗,自動車盗,野方,鷺宮六丁目交番,131148.0,東京都,中野区,上鷺宮１丁目,2022/2/22,19,一戸建住宅,駐車（輪）場,キーなし,なし,乗用自動車,中野区上鷺宮１丁目,35.7292954,139.6368474, 野方警察署 鷺宮六丁目交番,35.7272115,139.6274434
窃盗,自動車盗,高井戸,高井戸西交番,131156.0,東京都,杉並区,高井戸西１丁目,2022/7/28,0,一戸建住宅,駐車（輪）場,キーなし,あり,乗用自動車,杉並区高井戸西１丁目,35.6808602,139.6115917, 高井戸警察署 高井戸西交番,35.6816667,139.6148666
窃盗,自動車盗,荻窪,荻窪駅南口交番,131156.0,東京都,杉並区,荻窪３丁目,2022/12/4,22,一戸建住宅,その他,キーなし,あり,乗用自動車,杉並区荻窪３丁目,35.6996275,139.6263492, 荻窪警察署 荻窪駅南口交番,35.704312,139.6208562
窃盗,自動車盗,本富士,本郷交番,131059.0,東京都,文京区,本郷４丁目,2022/10/6,12,道路上,その他,キーあり,なし,乗用自動車,文京区本郷４丁目,35.7094625,139.7555137, 本富士警察署 本郷交番,35.7076352,139.76041159958532
窃盗,自動車盗,池袋,川越通交番,131164.0,東京都,豊島区,池袋４丁目,2022/9/2,14,その他,駐車（輪）場,キーなし,なし,乗用自動車,豊島区池袋４丁目,35.738405,139.7093468, 池袋警察署 川越通交番,35.7390943,139.7106876
窃盗,自動車盗,目白,千川交番,131164.0,東京都,豊島区,千早２丁目,2022/1/14,3,４階建て以上共同住宅,駐車（輪）場,キーなし,あり,乗用自動車,豊島区千早２丁目,35.7335847,139.6910132, 目白警察署 千川交番,35.736918,139.6909845
窃盗,自動車盗,目白,東長崎駅前交番,131164.0,東京都,豊島区,千早３丁目,2022/5/18,18,一戸建住宅,駐車（輪）場,キーなし,あり,乗用自動車,豊島区千早３丁目,35.7346396,139.6869671, 目白警察署 東長崎駅前交番,35.7299532,139.6829118
窃盗,自動車盗,赤羽,宮堀交番,131172.0,東京都,北区,神谷１丁目,2022/11/29,18,駐車（輪）場,駐車（輪）場,キーなし,あり,乗用自動車,北区神谷１丁目,35.7685793,139.7341073, 赤羽警察署 宮堀交番,35.7698269,139.7344397
窃盗,自動車盗,赤羽,志茂四丁目交番,131172.0,東京都,北区,志茂１丁目,2022/1/26,7,その他,駐車（輪）場,キーあり,なし,貨物自動車,北区志茂１丁目,35.776325,139.7296603, 赤羽警察署 志茂四丁目交番,35.7804928,139.7304924
窃盗,自動車盗,赤羽,志茂四丁目交番,131172.0,東京都,北区,志茂２丁目,2022/6/26,22,その他の住宅（３階建て以下共同住宅等）,駐車（輪）場,キーなし,あり,乗用自動車,北区志茂２丁目,35.779468,139.728773, 赤羽警察署 志茂四丁目交番,35.7804928,139.7304924
窃盗,自動車盗,赤羽,赤羽駅前交番,131172.0,東京都,北区,志茂１丁目,2022/3/14,6,道路上,その他,キーあり,あり,乗用自動車,北区志茂１丁目,35.776325,139.7296603, 赤羽警察署 赤羽駅前交番,35.778420499999996,139.72107649136842
窃盗,自動車盗,板橋,大谷口交番,131199.0,東京都,板橋区,大谷口１丁目,2022/7/14,19,駐車（輪）場,駐車（輪）場,キーあり,あり,乗用自動車,板橋区大谷口１丁目,35.7437948,139.6908557, 板橋警察署 大谷口交番,35.7461162,139.6911159
窃盗,自動車盗,板橋,常盤台交番,131199.0,東京都,板橋区,常盤台１丁目,2022/11/26,3,一戸建住宅,駐車（輪）場,キーなし,なし,乗用自動車,板橋区常盤台１丁目,35.7602935,139.6923001, 板橋警察署 常盤台交番,35.7585929,139.6900187
窃盗,自動車盗,志村,坂下交番,131199.0,東京都,板橋区,舟渡２丁目,2022/9/12,22,駐車（輪）場,駐車（輪）場,キーなし,あり,乗用自動車,板橋区舟渡２丁目,35.7965056,139.6907318, 志村警察署 坂下交番,35.7878838,139.6847005
窃盗,自動車盗,志村,坂下交番,131199.0,東京都,板橋区,舟渡２丁目,2022/9/19,0,４階建て以上共同住宅,駐車（輪）場,キーあり,あり,乗用自動車,板橋区舟渡２丁目,35.7965056,139.6907318, 志村警察署 坂下交番,35.7878838,139.6847005
窃盗,自動車盗,志村,西台交番,131199.0,東京都,板橋区,西台３丁目,2022/3/11,1,一戸建住宅,駐車（輪）場,キーなし,なし,乗用自動車,板橋区西台３丁目,35.7754881,139.6675332, 志村警察署 西台交番,35.773857,139.6704014
窃盗,自動車盗,練馬,早宮交番,131202.0,東京都,練馬区,早宮１丁目,2022/8/8,17,駐車（輪）場,駐車（輪）場,キーなし,なし,乗用自動車,練馬区早宮１丁目,35.751559,139.658859, 練馬警察署 早宮交番,35.7546102,139.6587257
窃盗,自動車盗,練馬,早宮交番,131202.0,東京都,練馬区,平和台３丁目,2022/5/25,22,駐車（輪）場,駐車（輪）場,キーなし,なし,乗用自動車,練馬区平和台３丁目,35.755631,139.660772, 練馬警察署 早宮交番,35.7546102,139.6587257
窃盗,自動車盗,練馬,桜台交番,131202.0,東京都,練馬区,桜台３丁目,2022/8/31,15,駐車（輪）場,駐車（輪）場,キーなし,あり,乗用自動車,練馬区桜台３丁目,35.746992,139.665977, 練馬警察署 桜台交番,35.7387549,139.6613344
窃盗,自動車盗,練馬,桜台交番,131202.0,東京都,練馬区,桜台５丁目,2022/12/10,13,駐車（輪）場,駐車（輪）場,キーなし,あり,乗用自動車,練馬区桜台５丁目,35.7432704,139.6584217, 練馬警察署 桜台交番,35.7387549,139.6613344
窃盗,自動車盗,石神井,北大泉交番,131202.0,東京都,練馬区,大泉町５丁目,2022/8/24,23,一戸建住宅,駐車（輪）場,キーなし,あり,なし,練馬区大泉町５丁目,35.7598446,139.5952534, 石神井警察署 北大泉交番,35.7629012,139.5997741
窃盗,自動車盗,高島平,北野交番,131199.0,東京都,板橋区,徳丸１丁目,2022/4/20,19,駐車（輪）場,駐車（輪）場,キーなし,あり,乗用自動車,板橋区徳丸１丁目,35.7717851,139.6659209, 高島平警察署 北野交番,35.7690973,139.6617344
窃盗,自動車盗,高島平,北野交番,131199.0,東京都,板橋区,徳丸３丁目,2022/10/3,8,駐車（輪）場,駐車（輪）場,キーなし,あり,乗用自動車,板橋区徳丸３丁目,35.7725274,139.6578236, 高島平警察署 北野交番,35.7690973,139.6617344
窃盗,自動車盗,高島平,赤塚交番,131199.0,東京都,板橋区,赤塚新町３丁目,2022/7/17,20,駐車（輪）場,駐車（輪）場,キーなし,あり,乗用自動車,板橋区赤塚新町３丁目,35.7709715,139.6371411, 高島平警察署 赤塚交番,35.775029,139.6347336
窃盗,自動車盗,高島平,高島平駅前交番,131199.0,東京都,板橋区,高島平７丁目,2022/5/8,22,道路上,その他,キーなし,なし,乗用自動車,板橋区高島平７丁目,35.791476,139.6567972, 高島平警察署 高島平駅前交番,35.7884192,139.660177
窃盗,自動車盗,光が丘,三原台交番,131202.0,東京都,練馬区,土支田２丁目,2022/12/18,0,その他の住宅（３階建て以下共同住宅等）,駐車（輪）場,キーあり,あり,乗用自動車,練馬区土支田２丁目,35.7615625,139.6142267, 光が丘警察署 三原台交番,35.7546072,139.6078273
窃盗,自動車盗,光が丘,光が丘三丁目交番,131202.0,東京都,練馬区,高松５丁目,2022/6/9,19,その他,駐車（輪）場,キーなし,なし,乗用自動車,練馬区高松５丁目,35.757756,139.620976, 光が丘警察署 光が丘三丁目交番,35.7539245,139.6268331
窃盗,自動車盗,光が丘,土支田交番,131202.0,東京都,練馬区,高松６丁目,2022/5/5,18,駐車（輪）場,駐車（輪）場,キーあり,なし,乗用自動車,練馬区高松６丁目,35.7589636,139.6176553, 光が丘警察署 土支田交番,35.7666137,139.6199133
窃盗,自動車盗,光が丘,田柄交番,131202.0,東京都,練馬区,北町３丁目,2022/5/17,0,一戸建住宅,駐車（輪）場,キーなし,なし,乗用自動車,練馬区北町３丁目,35.768066,139.653385, 光が丘警察署 田柄交番,35.7663116,139.6414547
窃盗,自動車盗,光が丘,田柄交番,131202.0,東京都,練馬区,田柄４丁目,2022/9/10,6,駐車（輪）場,駐車（輪）場,キーなし,あり,乗用自動車,練馬区田柄４丁目,35.7646479,139.6373178, 光が丘警察署 田柄交番,35.7663116,139.6414547
窃盗,自動車盗,光が丘,田柄交番,131202.0,東京都,練馬区,田柄４丁目,2022/10/15,18,一戸建住宅,駐車（輪）場,キーなし,あり,乗用自動車,練馬区田柄４丁目,35.7646479,139.6373178, 光が丘警察署 田柄交番,35.7663116,139.6414547
窃盗,自動車盗,光が丘,谷原交番,131202.0,東京都,練馬区,谷原１丁目,2022/10/8,21,駐車（輪）場,駐車（輪）場,キーなし,あり,乗用自動車,練馬区谷原１丁目,35.7502163,139.6214471, 光が丘警察署 谷原交番,35.7487702,139.6205452
窃盗,自動車盗,光が丘,谷原交番,131202.0,東京都,練馬区,谷原３丁目,2022/3/11,16,その他,その他,キーなし,あり,乗用自動車,練馬区谷原３丁目,35.7535524,139.6180828, 光が丘警察署 谷原交番,35.7487702,139.6205452
窃盗,自動車盗,光が丘,高松駐在所,131202.0,東京都,練馬区,高松２丁目,2022/1/7,16,４階建て以上共同住宅,駐車（輪）場,キーなし,なし,乗用自動車,練馬区高松２丁目,35.7480112,139.6310276, 光が丘警察署 高松駐在所,35.7510153,139.6308906
窃盗,自動車盗,光が丘,高松駐在所,131202.0,東京都,練馬区,高松２丁目,2022/6/9,16,駐車（輪）場,駐車（輪）場,キーなし,あり,乗用自動車,練馬区高松２丁目,35.7480112,139.6310276, 光が丘警察署 高松駐在所,35.7510153,139.6308906
窃盗,自動車盗,光が丘,氷川台駐在所,131202.0,東京都,練馬区,氷川台３丁目,2022/7/28,15,一戸建住宅,駐車（輪）場,キーなし,なし,乗用自動車,練馬区氷川台３丁目,35.7514847,139.6693884, 光が丘警察署 氷川台駐在所,,
窃盗,自動車盗,上野,台東交番,131067.0,東京都,台東区,台東２丁目,2022/10/18,11,道路上,その他,キーあり,なし,貨物自動車,台東区台東２丁目,35.7032552,139.7787644, 上野警察署 台東交番,35.70244445,139.7762066022292
窃盗,自動車盗,蔵前,小島二丁目交番,131067.0,東京都,台東区,元浅草３丁目,2021/12/29,19,道路上,その他,キーあり,なし,貨物自動車,台東区元浅草３丁目,35.7076722,139.7867239, 蔵前警察署 小島二丁目交番,35.70658655,139.78487540368633
窃盗,自動車盗,蔵前,須賀橋交番,131067.0,東京都,台東区,柳橋１丁目,2022/10/6,13,道路上,その他,キーあり,なし,乗用自動車,台東区柳橋１丁目,35.6964887,139.7883157, 蔵前警察署 須賀橋交番,35.700147,139.7883814
窃盗,自動車盗,千住,北千住駅西口交番,131211.0,東京都,足立区,千住１丁目,2022/10/14,21,その他,駐車（輪）場,キーあり,なし,乗用自動車,足立区千住１丁目,35.7478532,139.8013258, 千住警察署 北千住駅西口交番,35.7502869,139.8040745
窃盗,自動車盗,千住,曙町交番,131211.0,東京都,足立区,柳原１丁目,2022/4/12,21,一戸建住宅,駐車（輪）場,キーなし,なし,乗用自動車,足立区柳原１丁目,35.7457155,139.8145383, 千住警察署 曙町交番,35.743177,139.812011
窃盗,自動車盗,西新井,大師前交番,131211.0,東京都,足立区,西新井６丁目,2022/7/22,1,駐車（輪）場,駐車（輪）場,キーなし,あり,乗用自動車,足立区西新井６丁目,35.780529,139.776124, 西新井警察署 大師前交番,35.7782571,139.7810109
窃盗,自動車盗,西新井,島根交番,131211.0,東京都,足立区,栗原２丁目,2022/3/7,19,駐車（輪）場,駐車（輪）場,キーなし,あり,乗用自動車,足立区栗原２丁目,35.7837809,139.788655, 西新井警察署 島根交番,35.7820463,139.7978116
窃盗,自動車盗,西新井,扇交番,131211.0,東京都,足立区,扇１丁目,2022/11/20,1,駐車（輪）場,駐車（輪）場,キーなし,なし,乗用自動車,足立区扇１丁目,35.7631595,139.7731733, 西新井警察署 扇交番,35.7680423,139.7700087
窃盗,自動車盗,西新井,扇交番,131211.0,東京都,足立区,扇２丁目,2022/2/22,1,一戸建住宅,駐車（輪）場,キーなし,なし,乗用自動車,足立区扇２丁目,35.7658583,139.7690749, 西新井警察署 扇交番,35.7680423,139.7700087
窃盗,自動車盗,西新井,新田駐在所,131211.0,東京都,足立区,新田３丁目,2022/2/5,16,４階建て以上共同住宅,駐車（輪）場,キーなし,あり,乗用自動車,足立区新田３丁目,35.7689922,139.7483253, 西新井警察署 新田駐在所,,
窃盗,自動車盗,西新井,皿沼交番,131211.0,東京都,足立区,加賀２丁目,2022/1/12,22,駐車（輪）場,駐車（輪）場,キーなし,なし,乗用自動車,足立区加賀２丁目,35.7925384,139.760963, 西新井警察署 皿沼交番,35.7890614,139.7622666
窃盗,自動車盗,西新井,皿沼交番,131211.0,東京都,足立区,加賀２丁目,2022/9/27,19,その他の住宅（３階建て以下共同住宅等）,駐車（輪）場,キーなし,なし,乗用自動車,足立区加賀２丁目,35.7925384,139.760963, 西新井警察署 皿沼交番,35.7890614,139.7622666
窃盗,自動車盗,西新井,皿沼交番,131211.0,東京都,足立区,鹿浜６丁目,2022/4/21,16,駐車（輪）場,駐車（輪）場,キーなし,あり,乗用自動車,足立区鹿浜６丁目,35.786345,139.759033, 西新井警察署 皿沼交番,35.7890614,139.7622666
窃盗,自動車盗,西新井,皿沼交番,131211.0,東京都,足立区,鹿浜６丁目,2022/7/28,18,駐車（輪）場,駐車（輪）場,キーなし,あり,乗用自動車,足立区鹿浜６丁目,35.786345,139.759033, 西新井警察署 皿沼交番,35.7890614,139.7622666
窃盗,自動車盗,西新井,皿沼交番,131211.0,東京都,足立区,谷在家２丁目,2022/11/4,18,駐車（輪）場,駐車（輪）場,キーなし,なし,貨物自動車,足立区谷在家２丁目,35.7845839,139.767706, 西新井警察署 皿沼交番,35.7890614,139.7622666
窃盗,自動車盗,西新井,西新井五丁目交番,131211.0,東京都,足立区,栗原４丁目,2022/9/1,20,駐車（輪）場,駐車（輪）場,キーなし,なし,乗用自動車,足立区栗原４丁目,35.785156,139.7853076, 西新井警察署 西新井五丁目交番,35.7860023,139.7791691
窃盗,自動車盗,西新井,西新井五丁目交番,131211.0,東京都,足立区,西新井５丁目,2022/9/8,0,駐車（輪）場,駐車（輪）場,キーなし,あり,乗用自動車,足立区西新井５丁目,35.7843703,139.7756228, 西新井警察署 西新井五丁目交番,35.7860023,139.7791691
窃盗,自動車盗,西新井,西新井駅前交番,131211.0,東京都,足立区,梅島３丁目,2022/2/15,21,駐車（輪）場,駐車（輪）場,キーあり,なし,貨物自動車,足立区梅島３丁目,35.7759734,139.7943735, 西新井警察署 西新井駅前交番,35.7768722,139.7898379
窃盗,自動車盗,西新井,鹿浜交番,131211.0,東京都,足立区,鹿浜２丁目,2022/6/27,12,駐車（輪）場,駐車（輪）場,キーなし,なし,乗用自動車,足立区鹿浜２丁目,35.781856,139.747084, 西新井警察署 鹿浜交番,35.7787755,139.7507655
窃盗,自動車盗,綾瀬,一ツ家交番,131211.0,東京都,足立区,加平２丁目,2022/3/9,19,駐車（輪）場,駐車（輪）場,キーなし,なし,乗用自動車,足立区加平２丁目,35.7804474,139.8267746, 綾瀬警察署 一ツ家交番,,
窃盗,自動車盗,綾瀬,神明交番,131211.0,東京都,足立区,神明３丁目,2022/8/27,1,一戸建住宅,その他,キーなし,なし,乗用自動車,足立区神明３丁目,35.7984624,139.8365807, 綾瀬警察署 神明交番,35.7917124,139.8316794
窃盗,自動車盗,綾瀬,神明交番,131211.0,東京都,足立区,谷中５丁目,2022/5/26,18,４階建て以上共同住宅,駐車（輪）場,キーなし,あり,乗用自動車,足立区谷中５丁目,35.7826233,139.8349929, 綾瀬警察署 神明交番,35.7917124,139.8316794
窃盗,自動車盗,綾瀬,綾瀬六丁目交番,131211.0,東京都,足立区,谷中１丁目,2022/8/18,18,一戸建住宅,駐車（輪）場,キーなし,あり,乗用自動車,足立区谷中１丁目,35.7733621,139.8330831, 綾瀬警察署 綾瀬六丁目交番,35.7688512,139.8259598
窃盗,自動車盗,綾瀬,綾瀬駅西口交番,131211.0,東京都,足立区,西綾瀬４丁目,2022/4/7,17,駐車（輪）場,駐車（輪）場,キーなし,なし,乗用自動車,足立区西綾瀬４丁目,35.764887,139.819617, 綾瀬警察署 綾瀬駅西口交番,35.7616666,139.8228475
窃盗,自動車盗,竹の塚,伊興町交番,131211.0,東京都,足立区,伊興４丁目,2022/4/2,12,駐車（輪）場,駐車（輪）場,キーなし,なし,乗用自動車,足立区伊興４丁目,35.7969309,139.7841382, 竹の塚警察署 伊興町交番,35.795238,139.7887666
窃盗,自動車盗,竹の塚,保木間交番,131211.0,東京都,足立区,東保木間１丁目,2022/7/6,0,駐車（輪）場,駐車（輪）場,キーなし,あり,乗用自動車,足立区東保木間１丁目,35.7894815,139.8124489, 竹の塚警察署 保木間交番,35.7948232,139.8102664
窃盗,自動車盗,竹の塚,保木間交番,131211.0,東京都,足立区,保木間１丁目,2022/11/8,1,駐車（輪）場,駐車（輪）場,キーなし,なし,乗用自動車,足立区保木間１丁目,35.790404,139.804995, 竹の塚警察署 保木間交番,35.7948232,139.8102664
窃盗,自動車盗,竹の塚,入谷町交番,131211.0,東京都,足立区,入谷１丁目,2022/10/29,19,その他,駐車（輪）場,キーあり,なし,乗用自動車,足立区入谷１丁目,35.8039618,139.7682273, 竹の塚警察署 入谷町交番,35.8021727,139.761817
窃盗,自動車盗,竹の塚,竹の塚駅前交番,131211.0,東京都,足立区,竹の塚６丁目,2022/1/9,4,道路上,その他,キーあり,なし,乗用自動車,足立区竹の塚６丁目,35.7954167,139.7927642, 竹の塚警察署 竹の塚駅前交番,35.7937277,139.7922265
窃盗,自動車盗,城東,亀戸交番,131083.0,東京都,江東区,亀戸７丁目,2022/5/17,12,駐車（輪）場,駐車（輪）場,キーなし,なし,乗用自動車,江東区亀戸７丁目,35.696879,139.836644, 城東警察署 亀戸交番,35.6971705,139.8405464
窃盗,自動車盗,本所,押上駅前交番,131075.0,東京都,墨田区,押上１丁目,2022/11/26,0,一戸建住宅,駐車（輪）場,キーなし,あり,なし,墨田区押上１丁目,35.710776,139.813826, 本所警察署 押上駅前交番,,
窃盗,自動車盗,本所,横網交番,131075.0,東京都,墨田区,本所１丁目,2022/12/17,21,その他の住宅（３階建て以下共同住宅等）,駐車（輪）場,キーなし,あり,乗用自動車,墨田区本所１丁目,35.703738,139.797267, 本所警察署 横網交番,,
窃盗,自動車盗,本所,錦糸町駅南口交番,131075.0,東京都,墨田区,江東橋４丁目,2022/7/11,7,駐車（輪）場,駐車（輪）場,キーなし,なし,貨物自動車,墨田区江東橋４丁目,35.695011,139.817372, 本所警察署 錦糸町駅南口交番,35.69598725,139.81479650833177
窃盗,自動車盗,向島,,,,,,2022/6/13,22,駐車（輪）場,駐車（輪）場,キーなし,なし,乗用自動車,nannan,,, 向島警察署 nan,,
窃盗,自動車盗,亀有,南水元交番,131229.0,東京都,葛飾区,南水元４丁目,2022/7/30,0,一戸建住宅,駐車（輪）場,キーなし,あり,乗用自動車,葛飾区南水元４丁目,35.77857,139.863479, 亀有警察署 南水元交番,35.776117,139.866337
窃盗,自動車盗,亀有,東金町交番,131229.0,東京都,葛飾区,東金町４丁目,2022/5/10,7,駐車（輪）場,駐車（輪）場,キーなし,なし,乗用自動車,葛飾区東金町４丁目,35.774498,139.87549, 亀有警察署 東金町交番,35.7765696,139.8796678
窃盗,自動車盗,亀有,柴又交番,131229.0,東京都,葛飾区,柴又５丁目,2022/4/4,22,一戸建住宅,駐車（輪）場,キーなし,あり,乗用自動車,葛飾区柴又５丁目,35.75232,139.883492, 亀有警察署 柴又交番,35.7562071,139.8769165
窃盗,自動車盗,亀有,水元公園前交番,131229.0,東京都,葛飾区,東水元３丁目,2022/10/31,21,駐車（輪）場,駐車（輪）場,キーあり,あり,乗用自動車,葛飾区東水元３丁目,35.784086,139.86703, 亀有警察署 水元公園前交番,35.781005,139.866921
窃盗,自動車盗,亀有,水元駐在所,131229.0,東京都,葛飾区,西水元２丁目,2022/3/14,19,一戸建住宅,駐車（輪）場,キーなし,あり,乗用自動車,葛飾区西水元２丁目,35.785738,139.849615, 亀有警察署 水元駐在所,35.7808322,139.8529282
窃盗,自動車盗,亀有,水元駐在所,131229.0,東京都,葛飾区,水元１丁目,2022/8/9,1,駐車（輪）場,駐車（輪）場,キーなし,あり,乗用自動車,葛飾区水元１丁目,35.781891,139.856849, 亀有警察署 水元駐在所,35.7808322,139.8529282
窃盗,自動車盗,亀有,葛三橋交番,131229.0,東京都,葛飾区,水元４丁目,2022/4/4,22,その他の住宅（３階建て以下共同住宅等）,駐車（輪）場,キーなし,あり,乗用自動車,葛飾区水元４丁目,35.786591,139.862399, 亀有警察署 葛三橋交番,35.7932862,139.85977
窃盗,自動車盗,葛飾,四ツ木交番,131229.0,東京都,葛飾区,四つ木１丁目,2022/11/6,12,駐車（輪）場,駐車（輪）場,キーなし,あり,乗用自動車,葛飾区四つ木１丁目,35.732958,139.833459, 葛飾警察署 四ツ木交番,35.7354203,139.8334653
窃盗,自動車盗,葛飾,新小岩駅前交番,131229.0,東京都,葛飾区,新小岩２丁目,2022/4/10,20,駐車（輪）場,駐車（輪）場,キーなし,なし,乗用自動車,葛飾区新小岩２丁目,35.715976,139.862179, 葛飾警察署 新小岩駅前交番,35.71658205,139.85864229144255
窃盗,自動車盗,葛飾,立石駅前交番,131229.0,東京都,葛飾区,立石６丁目,2022/4/26,0,４階建て以上共同住宅,その他,キーなし,あり,乗用自動車,葛飾区立石６丁目,35.744073,139.851199, 葛飾警察署 立石駅前交番,35.7388475,139.8490674
窃盗,自動車盗,葛飾,細田交番,131229.0,東京都,葛飾区,細田４丁目,2022/5/17,16,駐車（輪）場,駐車（輪）場,キーなし,あり,乗用自動車,葛飾区細田４丁目,35.743153,139.872295, 葛飾警察署 細田交番,35.740142,139.8695527
窃盗,自動車盗,葛飾,鎌倉交番,131229.0,東京都,葛飾区,鎌倉４丁目,2022/8/24,17,駐車（輪）場,駐車（輪）場,キーなし,あり,乗用自動車,葛飾区鎌倉４丁目,35.746657,139.882303, 葛飾警察署 鎌倉交番,35.7473684,139.8802143
窃盗,自動車盗,葛飾,青砥駅前交番,131229.0,東京都,葛飾区,青戸３丁目,2022/10/22,19,その他,駐車（輪）場,キーあり,なし,乗用自動車,葛飾区青戸３丁目,35.746276,139.852136, 葛飾警察署 青砥駅前交番,35.7462131,139.8566192
窃盗,自動車盗,小松川,八蔵橋交番,131237.0,東京都,江戸川区,松島１丁目,2022/3/14,17,その他の住宅（３階建て以下共同住宅等）,駐車（輪）場,キーなし,あり,乗用自動車,江戸川区松島１丁目,35.7045227,139.8649821, 小松川警察署 八蔵橋交番,35.7082979,139.867753
窃盗,自動車盗,小松川,南篠崎交番,131237.0,東京都,江戸川区,南篠崎町１丁目,2022/8/19,12,駐車（輪）場,駐車（輪）場,キーなし,なし,乗用自動車,江戸川区南篠崎町１丁目,35.6947511,139.9062516, 小松川警察署 南篠崎交番,35.693524,139.90868
窃盗,自動車盗,小松川,小松川四丁目交番,131237.0,東京都,江戸川区,平井１丁目,2022/4/10,23,一戸建住宅,駐車（輪）場,キーなし,あり,乗用自動車,江戸川区平井１丁目,35.7040905,139.85139, 小松川警察署 小松川四丁目交番,35.699792,139.850426
窃盗,自動車盗,小松川,平井駅前交番,131237.0,東京都,江戸川区,平井５丁目,2022/11/10,17,駐車（輪）場,駐車（輪）場,キーなし,あり,乗用自動車,江戸川区平井５丁目,35.707582,139.842478, 小松川警察署 平井駅前交番,35.70628605,139.8429350469908
窃盗,自動車盗,小松川,椿町駐在所,131237.0,東京都,江戸川区,春江町３丁目,2022/8/20,21,一戸建住宅,駐車（輪）場,キーなし,あり,乗用自動車,江戸川区春江町３丁目,35.692291,139.887953, 小松川警察署 椿町駐在所,35.698842,139.8903386
窃盗,自動車盗,小岩,上篠崎駐在所,131237.0,東京都,江戸川区,篠崎町１丁目,2022/12/12,17,駐車（輪）場,駐車（輪）場,キーなし,あり,乗用自動車,江戸川区篠崎町１丁目,35.7100027,139.9084377, 小岩警察署 上篠崎駐在所,35.714155,139.902142
窃盗,自動車盗,小岩,京成小岩駅前交番,131237.0,東京都,江戸川区,北小岩６丁目,2022/11/21,15,駐車（輪）場,駐車（輪）場,キーなし,なし,乗用自動車,江戸川区北小岩６丁目,35.7442059,139.8853737, 小岩警察署 京成小岩駅前交番,35.741382,139.8826344
窃盗,自動車盗,小岩,鹿骨交番,131237.0,東京都,江戸川区,鹿骨１丁目,2022/8/27,19,駐車（輪）場,駐車（輪）場,キーあり,なし,貨物自動車,江戸川区鹿骨１丁目,35.708809,139.887588, 小岩警察署 鹿骨交番,35.710294,139.88931
窃盗,自動車盗,小岩,鹿骨交番,131237.0,東京都,江戸川区,鹿骨２丁目,2022/5/2,17,駐車（輪）場,駐車（輪）場,キーあり,なし,乗用自動車,江戸川区鹿骨２丁目,35.7071043,139.8933177, 小岩警察署 鹿骨交番,35.710294,139.88931
窃盗,自動車盗,葛西,南葛西交番,131237.0,東京都,江戸川区,南葛西１丁目,2022/6/16,18,その他,駐車（輪）場,キーなし,なし,乗用自動車,江戸川区南葛西１丁目,35.6541395,139.8689414, 葛西警察署 南葛西交番,35.6484223,139.87167429303327
窃盗,自動車盗,葛西,南葛西交番,131237.0,東京都,江戸川区,南葛西４丁目,2022/6/13,10,駐車（輪）場,駐車（輪）場,キーなし,なし,貨物自動車,江戸川区南葛西４丁目,35.6495309,139.874178, 葛西警察署 南葛西交番,35.6484223,139.87167429303327
窃盗,自動車盗,葛西,葛西橋東交番,131237.0,東京都,江戸川区,北葛西４丁目,2022/5/9,16,駐車（輪）場,駐車（輪）場,キーなし,あり,乗用自動車,江戸川区北葛西４丁目,35.6715372,139.86352, 葛西警察署 葛西橋東交番,,
窃盗,自動車盗,葛西,西葛西駅前交番,131237.0,東京都,江戸川区,西葛西７丁目,2022/3/9,22,駐車（輪）場,駐車（輪）場,キーなし,あり,乗用自動車,江戸川区西葛西７丁目,35.6604813,139.8613081, 葛西警察署 西葛西駅前交番,,
窃盗,自動車盗,南大沢,みなみ野交番,132012.0,東京都,八王子市,七国３丁目,2022/3/3,18,一戸建住宅,駐車（輪）場,キーなし,あり,乗用自動車,八王子市七国３丁目,,, 南大沢警察署 みなみ野交番,,
窃盗,自動車盗,南大沢,相原駐在所,132098.0,東京都,町田市,小山ヶ丘４丁目,2022/6/14,18,その他,駐車（輪）場,キーなし,なし,乗用自動車,町田市小山ヶ丘４丁目,35.6058425,139.3656769, 南大沢警察署 相原駐在所,35.6056826,139.3429527
窃盗,自動車盗,南大沢,高嶺交番,132012.0,東京都,八王子市,北野台５丁目,2022/6/29,20,一戸建住宅,駐車（輪）場,キーなし,あり,乗用自動車,八王子市北野台５丁目,,, 南大沢警察署 高嶺交番,35.627737749999994,139.34880344544945
窃盗,自動車盗,高尾,諏訪交番,132012.0,東京都,八王子市,叶谷町,2022/8/21,4,一戸建住宅,駐車（輪）場,キーなし,あり,乗用自動車,八王子市叶谷町,,, 高尾警察署 諏訪交番,35.67533355,139.29081936367348
窃盗,自動車盗,高尾,館ケ丘駐在所,132012.0,東京都,八王子市,狭間町,2022/6/8,1,一戸建住宅,駐車（輪）場,キーなし,あり,乗用自動車,八王子市狭間町,,, 高尾警察署 館ケ丘駐在所,35.628121,139.287198
窃盗,自動車盗,多摩中央,若葉台駅前交番,132250.0,東京都,稲城市,若葉台４丁目,2022/2/17,18,一戸建住宅,駐車（輪）場,キーなし,あり,乗用自動車,稲城市若葉台４丁目,35.628497,139.468057, 多摩中央警察署 若葉台駅前交番,,
窃盗,自動車盗,東大和,奈良橋交番,132209.0,東京都,東大和市,中央１丁目,2022/5/24,0,その他,駐車（輪）場,キーあり,なし,乗用自動車,東大和市中央１丁目,35.744763,139.433406, 東大和警察署 奈良橋交番,,
窃盗,自動車盗,東大和,残堀駐在所,132233.0,東京都,武蔵村山市,伊奈平５丁目,2022/2/19,20,その他,駐車（輪）場,キーなし,あり,特殊自動車,武蔵村山市伊奈平５丁目,35.740251,139.373562, 東大和警察署 残堀駐在所,35.743331,139.371715
窃盗,自動車盗,福生,五ノ神駐在所,132276.0,東京都,羽村市,神明台２丁目,2022/10/13,10,その他,その他,キーあり,なし,乗用自動車,羽村市神明台２丁目,35.7571048,139.3242094, 福生警察署 五ノ神駐在所,,
窃盗,自動車盗,福生,元狭山駐在所,133035.0,東京都,瑞穂町,大字富士山栗原新田,2022/3/4,17,その他,その他,キーなし,なし,貨物自動車,瑞穂町大字富士山栗原新田,35.791509,139.341112, 福生警察署 元狭山駐在所,35.786492,139.354964
窃盗,自動車盗,福生,秋川駅前交番,132284.0,東京都,あきる野市,平沢,2022/8/28,10,その他,その他,キーなし,あり,乗用自動車,あきる野市平沢,,, 福生警察署 秋川駅前交番,35.7281008,139.2872654
窃盗,自動車盗,福生,長岡駐在所,133035.0,東京都,瑞穂町,大字長岡長谷部,2022/6/27,22,一戸建住宅,その他,キーあり,なし,貨物自動車,瑞穂町大字長岡長谷部,35.7860019,139.3296438, 福生警察署 長岡駐在所,35.777771,139.333189
窃盗,自動車盗,八王子,宮下駐在所,132012.0,東京都,八王子市,宮下町,2022/8/20,21,一戸建住宅,駐車（輪）場,キーなし,なし,乗用自動車,八王子市宮下町,,, 八王子警察署 宮下駐在所,35.704461,139.3090148
窃盗,自動車盗,八王子,小宮町駐在所,132012.0,東京都,八王子市,小宮町,2022/6/19,14,その他,駐車（輪）場,キーあり,なし,乗用自動車,八王子市小宮町,,, 八王子警察署 小宮町駐在所,35.68531,139.3708
窃盗,自動車盗,八王子,左入町駐在所,132012.0,東京都,八王子市,谷野町,2022/4/16,18,その他,駐車（輪）場,キーなし,なし,貨物自動車,八王子市谷野町,,, 八王子警察署 左入町駐在所,35.680150749999996,139.32798803560632
窃盗,自動車盗,八王子,石川駐在所,132012.0,東京都,八王子市,石川町,2022/11/30,13,その他,駐車（輪）場,キーあり,あり,特殊自動車,八王子市石川町,,, 八王子警察署 石川駐在所,35.6813314,139.363505
窃盗,自動車盗,町田,中町交番,132098.0,東京都,町田市,森野４丁目,2021/1/25,13,駐車（輪）場,駐車（輪）場,キーなし,なし,乗用自動車,町田市森野４丁目,35.5545509,139.4320536, 町田警察署 中町交番,35.5484196,139.4473429
窃盗,自動車盗,町田,中町交番,132098.0,東京都,町田市,森野５丁目,2022/4/6,17,道路上,その他,キーあり,なし,貨物自動車,町田市森野５丁目,35.5493064,139.4348978, 町田警察署 中町交番,35.5484196,139.4473429
窃盗,自動車盗,町田,南町田グランベリーパーク駅前交,132098.0,東京都,町田市,鶴間６丁目,2022/6/25,5,駐車（輪）場,駐車（輪）場,キーあり,なし,貨物自動車,町田市鶴間６丁目,35.5037076,139.4758715, 町田警察署 南町田グランベリーパーク駅前交,,
窃盗,自動車盗,町田,小山田駐在所,132098.0,東京都,町田市,上小山田町,2022/3/12,13,その他,駐車（輪）場,キーあり,なし,貨物自動車,町田市上小山田町,35.600225,139.396855, 町田警察署 小山田駐在所,35.589628,139.407189
窃盗,自動車盗,町田,忠生地区交番,132098.0,東京都,町田市,根岸２丁目,2022/2/23,22,４階建て以上共同住宅,駐車（輪）場,キーなし,あり,乗用自動車,町田市根岸２丁目,35.5749959,139.4135222, 町田警察署 忠生地区交番,35.573993,139.4222614
窃盗,自動車盗,昭島,多摩大橋交番,132071.0,東京都,昭島市,中神町２丁目,2022/5/19,19,その他,駐車（輪）場,キーあり,あり,乗用自動車,昭島市中神町２丁目,35.699197,139.372757, 昭島警察署 多摩大橋交番,35.696781,139.375771
窃盗,自動車盗,昭島,多摩大橋交番,132071.0,東京都,昭島市,中神町３丁目,2022/5/19,21,その他,駐車（輪）場,キーあり,なし,乗用自動車,昭島市中神町３丁目,35.6969849,139.3729919, 昭島警察署 多摩大橋交番,35.696781,139.375771
窃盗,自動車盗,昭島,大神駐在所,132071.0,東京都,昭島市,田中町４丁目,2022/4/20,13,その他,駐車（輪）場,キーなし,あり,乗用自動車,昭島市田中町４丁目,35.6973679,139.3513147, 昭島警察署 大神駐在所,35.699281,139.360745
窃盗,自動車盗,昭島,東中神駅前交番,132071.0,東京都,昭島市,もくせいの杜２丁目,2022/9/18,17,４階建て以上共同住宅,駐車（輪）場,キーなし,あり,乗用自動車,昭島市もくせいの杜２丁目,35.713293,139.386079, 昭島警察署 東中神駅前交番,35.706114,139.383659
窃盗,自動車盗,立川,砂川八番交番,132021.0,東京都,立川市,幸町３丁目,2022/11/9,0,道路上,その他,キーあり,なし,貨物自動車,立川市幸町３丁目,35.7202338,139.4305133, 立川警察署 砂川八番交番,35.722696,139.422405
窃盗,自動車盗,立川,砂川八番交番,132021.0,東京都,立川市,幸町５丁目,2022/3/7,19,一戸建住宅,駐車（輪）場,キーなし,なし,特殊自動車,立川市幸町５丁目,35.726485,139.422299, 立川警察署 砂川八番交番,35.722696,139.422405
窃盗,自動車盗,立川,錦町交番,132021.0,東京都,立川市,錦町１丁目,2022/7/23,8,道路上,その他,キーあり,なし,乗用自動車,立川市錦町１丁目,35.6956051,139.4200997, 立川警察署 錦町交番,35.6958957,139.4193714
窃盗,自動車盗,府中,本宿交番,132063.0,東京都,府中市,本宿町４丁目,2022/12/15,17,その他の住宅（３階建て以下共同住宅等）,駐車（輪）場,キーなし,あり,乗用自動車,府中市本宿町４丁目,35.6767746,139.4602342, 府中警察署 本宿交番,35.6732682,139.4588436
窃盗,自動車盗,田無,保谷駅前交番,132292.0,東京都,西東京市,東町３丁目,2022/10/21,2,４階建て以上共同住宅,駐車（輪）場,キーなし,あり,乗用自動車,西東京市東町３丁目,35.74618,139.564966, 田無警察署 保谷駅前交番,35.7477019,139.5667777
窃盗,自動車盗,東村山,東村山駅前交番,132136.0,東京都,東村山市,野口町３丁目,2022/11/15,19,駐車（輪）場,駐車（輪）場,キーあり,なし,乗用自動車,東村山市野口町３丁目,35.763525,139.455538, 東村山警察署 東村山駅前交番,35.75965585,139.46639088436842
窃盗,自動車盗,東村山,秋津駅前交番,132136.0,東京都,東村山市,秋津町１丁目,2022/11/30,1,一戸建住宅,駐車（輪）場,キーなし,あり,乗用自動車,東村山市秋津町１丁目,35.773057,139.493687, 東村山警察署 秋津駅前交番,35.77823495,139.49691383088364
窃盗,自動車盗,武蔵野,東町駐在所,132039.0,東京都,武蔵野市,吉祥寺東町２丁目,2022/2/11,0,一戸建住宅,駐車（輪）場,キーなし,あり,乗用自動車,武蔵野市吉祥寺東町２丁目,35.7110907,139.5846793, 武蔵野警察署 東町駐在所,35.708702,139.585419
窃盗,自動車盗,三鷹,新川交番,132047.0,東京都,三鷹市,牟礼５丁目,2022/1/20,17,駐車（輪）場,駐車（輪）場,キーあり,なし,貨物自動車,三鷹市牟礼５丁目,,, 三鷹警察署 新川交番,35.6809311,139.5703812
窃盗,自動車盗,調布,飛田給駅前交番,132080.0,東京都,調布市,富士見町４丁目,2022/12/21,8,駐車（輪）場,駐車（輪）場,キーなし,あり,乗用自動車,調布市富士見町４丁目,35.665296,139.535988, 調布警察署 飛田給駅前交番,35.6603264,139.5234283
